"","p_val","avg_log2FC","pct.1","pct.2","p_val_adj","cluster","gene"
"COL1A2",0,1.68529393628497,0.999,0.892,0,"group1","COL1A2"
"COL16A1",0,1.45599057549153,0.854,0.429,0,"group1","COL16A1"
"MUC16",0,1.25963688271059,0.692,0.179,0,"group1","MUC16"
"COL6A2",0,1.24956242523806,0.953,0.877,0,"group1","COL6A2"
"SPARC",2.72834554392776e-293,1.98015777071211,0.976,0.877,9.15032528522492e-289,"group1","SPARC"
"COL6A1",7.07655822424229e-291,1.48195285474937,0.949,0.843,2.37333609724638e-286,"group1","COL6A1"
"SPON1",1.17894982654953e-288,1.07441255263593,0.732,0.304,3.95396192828183e-284,"group1","SPON1"
"PCOLCE",5.86799563220778e-280,1.20174675217619,0.812,0.523,1.96800837512985e-275,"group1","PCOLCE"
"COL12A1",4.74084910946213e-279,1.17297378823052,0.72,0.336,1.58998597433141e-274,"group1","COL12A1"
"COL1A1",3.09317049657473e-268,2.15066324338994,0.994,0.916,1.03738752114123e-263,"group1","COL1A1"
"HTRA1",7.00558550992488e-259,1.11708260125984,0.92,0.671,2.3495332683186e-254,"group1","HTRA1"
"IGHG4",7.58820153903228e-254,2.80602014833437,0.736,0.491,2.54493103216065e-249,"group1","IGHG4"
"COL14A1",9.12127361740986e-252,0.960098037230435,0.653,0.243,3.05909274580692e-247,"group1","COL14A1"
"CPXM1",3.47851115266563e-242,0.936219587737353,0.638,0.271,1.166623070381e-237,"group1","CPXM1"
"HLA-DQA2",2.34515660292509e-240,0.612451143300514,0.268,0.011,7.86518621489016e-236,"group1","HLA-DQA2"
"MSLN",2.89872750747627e-232,0.731313838743396,0.713,0.292,9.72175231457392e-228,"group1","MSLN"
"COL18A1",5.02188838441114e-221,0.842780657570966,0.909,0.634,1.68424092636381e-216,"group1","COL18A1"
"HTRA3",1.84112556118792e-219,0.925031364902462,0.577,0.219,6.17476690711205e-215,"group1","HTRA3"
"PAX8",2.85724756229621e-216,0.93991816705472,0.577,0.215,9.58263687442902e-212,"group1","PAX8"
"KLK11",1.42992275281783e-210,0.609472084768724,0.344,0.052,4.79567492840043e-206,"group1","KLK11"
"KLK10",3.27231231814724e-204,0.724099905730947,0.444,0.112,1.09746810526022e-199,"group1","KLK10"
"MEG3",1.41814937938315e-202,0.966103281941902,0.749,0.419,4.7561893885752e-198,"group1","MEG3"
"CHPF",2.005597018972e-202,0.872573457682619,0.717,0.399,6.72637128222829e-198,"group1","CHPF"
"SLC40A1",3.14171296068633e-197,0.827664176221234,0.804,0.476,1.05366769275498e-192,"group1","SLC40A1"
"KRT19",2.8485790863615e-196,0.589858901699095,0.724,0.345,9.55356453983919e-192,"group1","KRT19"
"MMP2",1.37707215703425e-191,1.30507574668698,0.812,0.665,4.61842460026145e-187,"group1","MMP2"
"ASPN",2.06385356022258e-191,0.669068173214621,0.264,0.027,6.92175207027449e-187,"group1","ASPN"
"MRC2",6.1743983261955e-188,0.830651011416044,0.799,0.516,2.07076971063945e-183,"group1","MRC2"
"ECEL1",2.14201539247131e-187,1.36065115311531,0.353,0.083,7.18389122327029e-183,"group1","ECEL1"
"S100A13",1.37424358608808e-185,0.678934002036958,0.828,0.544,4.60893813902221e-181,"group1","S100A13"
"WT1",3.87363195492131e-181,0.748785364364287,0.532,0.204,1.29913868504151e-176,"group1","WT1"
"RAPGEF3",3.38098817231617e-179,0.809185435359169,0.53,0.204,1.1339158132314e-174,"group1","RAPGEF3"
"KLK7",4.11114852038871e-177,0.577419216691161,0.341,0.069,1.37879699076796e-172,"group1","KLK7"
"KRT8",3.17540214922096e-170,0.67656109986217,0.779,0.47,1.06496637280572e-165,"group1","KRT8"
"COL6A3",2.76746875158101e-166,1.14314300153113,0.795,0.597,9.28153669905238e-162,"group1","COL6A3"
"COL3A1",4.93278827368845e-166,2.54273526117163,0.943,0.842,1.65435853122963e-161,"group1","COL3A1"
"OLFML3",9.57125470397097e-163,0.746753608748726,0.653,0.333,3.21000740261778e-158,"group1","OLFML3"
"CLDN3",5.44533793945486e-162,0.666995436873425,0.537,0.21,1.82625743813437e-157,"group1","CLDN3"
"MMP11",6.91169483493925e-161,0.824613833142649,0.466,0.175,2.31804421374193e-156,"group1","MMP11"
"PEG3",4.92314942281659e-160,1.14037901187866,0.42,0.151,1.65112585342423e-155,"group1","PEG3"
"ASS1",1.03618556845512e-159,0.617597999075084,0.652,0.318,3.47515915948479e-155,"group1","ASS1"
"SLPI",3.17978240081847e-159,0.617615121211072,0.884,0.642,1.0664354215865e-154,"group1","SLPI"
"THY1",6.7938319881577e-155,0.944810941178432,0.635,0.376,2.27851537218833e-150,"group1","THY1"
"DEFB1",2.18096985864007e-154,0.508099036636131,0.287,0.053,7.31453671190708e-150,"group1","DEFB1"
"COL5A2",3.90354016841559e-154,1.2009832003506,0.609,0.372,1.30916930168322e-149,"group1","COL5A2"
"DCN",9.54264866215192e-153,0.619374254748741,0.993,0.842,3.20041350831251e-148,"group1","DCN"
"CXCL14",1.36137856776733e-152,0.854957840220857,0.389,0.123,4.56579144057808e-148,"group1","CXCL14"
"C1R",4.81537281385558e-151,0.605700820091154,0.931,0.762,1.61497973431089e-146,"group1","C1R"
"CP",1.21489962729883e-149,0.715710982703182,0.476,0.188,4.07453037003481e-145,"group1","CP"
"WISP2",6.47132308502387e-144,0.889269597249881,0.375,0.115,2.1703523362553e-139,"group1","WISP2"
"IGHG2",6.71058861782186e-143,1.16574380009496,0.509,0.249,2.2505972106451e-138,"group1","IGHG2"
"MDK",6.12184647666482e-142,0.657735545723318,0.945,0.77,2.05314487134385e-137,"group1","MDK"
"ADAM12",1.18707280027986e-141,0.63625764881979,0.307,0.079,3.98120475757861e-137,"group1","ADAM12"
"LRRC15",2.06067360256455e-140,0.60225250957559,0.282,0.063,6.91108712828098e-136,"group1","LRRC15"
"ADAMTS2",1.7596406453665e-139,0.576212477512727,0.317,0.084,5.90148279643016e-135,"group1","ADAMTS2"
"TNC",1.0870731358299e-137,0.726156240916642,0.33,0.095,3.64582588294631e-133,"group1","TNC"
"ECM1",5.51940322560424e-136,0.730505425235182,0.461,0.203,1.85109745380315e-131,"group1","ECM1"
"MMP23B",2.15231154316515e-134,0.642776846135616,0.479,0.201,7.21842245346728e-130,"group1","MMP23B"
"C1S",5.16885151012008e-134,0.617826573507767,0.894,0.736,1.73352941946407e-129,"group1","C1S"
"CDH11",5.52925943998547e-134,0.692168873632571,0.636,0.327,1.85440303098233e-129,"group1","CDH11"
"LYPD6B",5.81569624572611e-133,0.547699317164662,0.271,0.057,1.95046820689162e-128,"group1","LYPD6B"
"PDGFRL",2.80603523419035e-129,0.555147631643262,0.386,0.134,9.4108809684276e-125,"group1","PDGFRL"
"RBM38",1.56924622039903e-126,0.600502638678037,0.504,0.238,5.26293797397428e-122,"group1","RBM38"
"RHEX",4.24526776463074e-126,0.517667665372947,0.312,0.085,1.42377790290186e-121,"group1","RHEX"
"GAS6",3.15266544964615e-122,0.679328461135686,0.899,0.675,1.05734093850233e-117,"group1","GAS6"
"GJA1",1.0407132123028e-120,0.732923087524209,0.512,0.27,3.49034397142115e-116,"group1","GJA1"
"SULF2",1.1941222611822e-120,0.630077489845867,0.636,0.378,4.00484723955286e-116,"group1","SULF2"
"CRABP2",4.64516112570354e-120,0.769392642356833,0.515,0.273,1.55789413833845e-115,"group1","CRABP2"
"ANGPTL2",9.4767516397874e-119,0.618097639974184,0.436,0.191,3.1783129649519e-114,"group1","ANGPTL2"
"MYRF",2.55389474331146e-118,0.500445776055805,0.333,0.103,8.56525219011797e-114,"group1","MYRF"
"CFH",4.77998302920992e-118,0.600214043809502,0.663,0.359,1.60311070833642e-113,"group1","CFH"
"MEGF6",9.83468749801662e-116,0.509562119481128,0.326,0.103,3.29835749308481e-111,"group1","MEGF6"
"AEBP1",1.24414825133186e-115,0.603052042425121,0.958,0.847,4.1726244053168e-111,"group1","AEBP1"
"LAMB2",5.07548629500288e-108,0.673289764671941,0.778,0.54,1.70221659361807e-103,"group1","LAMB2"
"MAGED1",8.58261464015605e-108,0.520579898860093,0.673,0.413,2.87843729801554e-103,"group1","MAGED1"
"LAMA5",1.0751893398972e-106,0.577431927562268,0.579,0.318,3.60597000814723e-102,"group1","LAMA5"
"SFRP2",2.72882439849997e-106,1.49707388012369,0.48,0.303,9.15193126768919e-102,"group1","SFRP2"
"EIF3D",3.95727070616635e-106,0.644554593450541,0.684,0.481,1.32718944943407e-101,"group1","EIF3D"
"NBL1",1.67792165152396e-105,0.751604557013533,0.86,0.697,5.62741363488107e-101,"group1","NBL1"
"P3H3",1.3925908119869e-103,0.515519697552983,0.483,0.235,4.67047106524166e-99,"group1","P3H3"
"MARCKSL1",3.39413298313939e-102,0.646714911803128,0.585,0.34,1.13832431988529e-97,"group1","MARCKSL1"
"COL5A1",2.35613504271159e-101,1.01162605785178,0.664,0.522,7.90200570624614e-97,"group1","COL5A1"
"FDXR",1.2602040988589e-99,0.553363556322819,0.302,0.106,4.22647250675298e-95,"group1","FDXR"
"MXRA8",7.21715374923164e-99,0.607614822464775,0.806,0.572,2.42048902441731e-94,"group1","MXRA8"
"SOX4",2.98536772808584e-98,0.583122991536736,0.598,0.366,1.00123262864543e-93,"group1","SOX4"
"CAPS",4.10273193054678e-98,0.688694153005041,0.48,0.237,1.37597423486678e-93,"group1","CAPS"
"CERCAM",2.60621082001453e-97,0.596911420990968,0.535,0.314,8.74070984816472e-93,"group1","CERCAM"
"SNHG25",4.03113112934138e-97,0.662537056705068,0.76,0.566,1.35196075815851e-92,"group1","SNHG25"
"SERPINH1",5.33791713643867e-96,0.62016587510869,0.752,0.573,1.7902306492188e-91,"group1","SERPINH1"
"RCN3",4.00495308729141e-95,0.56368448286355,0.513,0.297,1.34318116641579e-90,"group1","RCN3"
"SCD5",2.15697323552133e-94,0.571439827391559,0.345,0.139,7.23405683729143e-90,"group1","SCD5"
"CLEC11A",7.38661046304706e-93,0.520073814588537,0.595,0.352,2.47732141709672e-88,"group1","CLEC11A"
"CCDC80",2.57828952834511e-91,0.718754945384607,0.753,0.576,8.64706742016382e-87,"group1","CCDC80"
"KLHDC8A",1.12099249032784e-90,0.822711958669106,0.375,0.174,3.75958461406152e-86,"group1","KLHDC8A"
"FAM30A",9.19614453403233e-89,0.500209939769563,0.294,0.105,3.08420295382376e-84,"group1","FAM30A"
"PTGS1",9.9135163199675e-88,0.538477446948656,0.449,0.237,3.3247951033907e-83,"group1","PTGS1"
"BMP1",3.22993477797792e-87,0.51649107679523,0.468,0.255,1.08325552583823e-82,"group1","BMP1"
"FBLN1",4.86285409280922e-87,0.975767726052922,0.756,0.685,1.63090400564636e-82,"group1","FBLN1"
"TCF21",8.0341720883879e-87,0.57419755511365,0.337,0.137,2.69450063500353e-82,"group1","TCF21"
"IGHG3",6.24835541709233e-86,1.40160909371315,0.743,0.713,2.09557343978442e-81,"group1","IGHG3"
"ABLIM1",7.45434537538532e-85,0.501830921520114,0.546,0.306,2.50003835199673e-80,"group1","ABLIM1"
"FBLN2",4.61464288086465e-83,0.80712551612908,0.431,0.25,1.54765892938439e-78,"group1","FBLN2"
"TPSB2",6.11728208730578e-83,0.502927600671396,0.297,0.111,2.05161406644061e-78,"group1","TPSB2"
"RPL18A",6.28277225370827e-83,0.511566082719918,0.996,0.977,2.10711615844868e-78,"group1","RPL18A"
"SLC44A2",1.06112220063294e-82,0.534320279518831,0.588,0.387,3.55879163648276e-78,"group1","SLC44A2"
"MZB1",9.67241706039948e-82,0.665573282039914,0.496,0.281,3.24393523371678e-77,"group1","MZB1"
"MFAP2",3.35899097591713e-81,0.687071331626238,0.501,0.316,1.12653839350309e-76,"group1","MFAP2"
"EMILIN1",2.18031532621167e-78,0.902747209953501,0.848,0.71,7.31234154104869e-74,"group1","EMILIN1"
"FHL2",5.88533774071152e-71,0.702137332287818,0.424,0.246,1.97382457147983e-66,"group1","FHL2"
"TNXB",5.10332410890594e-70,1.13281953564351,0.501,0.325,1.71155283964487e-65,"group1","TNXB"
"QSOX1",6.33250040717835e-66,0.508753337669415,0.638,0.458,2.12379398655948e-61,"group1","QSOX1"
"LRP3",1.96818028866881e-65,0.590161131892227,0.485,0.303,6.60088305213745e-61,"group1","LRP3"
"RPS8",1.09499097828225e-63,0.570455932695693,0.996,0.981,3.672380742963e-59,"group1","RPS8"
"IGFBP4",2.38376935854361e-62,0.946338845797197,0.941,0.836,7.99468567468355e-58,"group1","IGFBP4"
"RPL5",3.46116566232258e-54,0.563692285958682,0.981,0.944,1.16080573982975e-49,"group1","RPL5"
"CTSK",4.81283057116397e-53,0.869837801874796,0.669,0.583,1.61412711695697e-48,"group1","CTSK"
"RPL36",3.17823207982305e-50,0.528258710368052,0.996,0.983,1.06591547493105e-45,"group1","RPL36"
"IGHG1",2.06383255038612e-46,1.0141523804419,0.71,0.71,6.92168160748497e-42,"group1","IGHG1"
"CTHRC1",3.97944641278261e-46,0.709295007206857,0.49,0.377,1.33462673791903e-41,"group1","CTHRC1"
"CTGF",4.78221270982517e-46,0.711839019235215,0.69,0.539,1.60385849862117e-41,"group1","CTGF"
"POSTN",1.88423180415892e-43,0.917330246799397,0.489,0.4,6.3193366247882e-39,"group1","POSTN"
"RBP1",1.89929496663973e-39,0.831555107595912,0.7,0.656,6.36985545911631e-35,"group1","RBP1"
"IGKC",1.17177317415737e-19,0.674092258249523,0.747,0.812,3.92989287148898e-15,"group1","IGKC"
"IGFBP2",9.00074557647889e-19,0.518752685551665,0.831,0.752,3.01867005143949e-14,"group1","IGFBP2"
"ENG",1.03050004485063e-16,0.667304301751745,0.691,0.651,3.45609105042004e-12,"group1","ENG"
"THBS1",3.92448404692357e-14,0.677257154722914,0.482,0.433,1.31619345965723e-09,"group1","THBS1"
"C7",7.81825248471572e-09,0.519112555263697,0.499,0.486,0.000262208551832396,"group1","C7"
"TXNIP",3.05989812983905e-246,1.06483492636451,0.867,0.778,1.02622863478542e-241,"group2","TXNIP"
"MT-CO1",2.72831707503492e-234,0.692074401126701,0.999,1,9.15022980625211e-230,"group2","MT-CO1"
"TMSB4X",3.74211724310896e-224,0.950610082921745,0.991,0.983,1.25503128099388e-219,"group2","TMSB4X"
"TGM2",1.16615083705271e-185,1.29086159749219,0.592,0.285,3.91103667730738e-181,"group2","TGM2"
"APLP2",2.54063709568191e-163,1.17135584697609,0.78,0.663,8.520788691498e-159,"group2","APLP2"
"B2M",9.70481856506457e-162,1.02510654723543,0.99,0.991,3.25480205035136e-157,"group2","B2M"
"TIMP3",8.89693378359486e-160,1.2011554603102,0.547,0.236,2.98385365234204e-155,"group2","TIMP3"
"S100A8",1.13660572601566e-158,0.950866189642916,0.314,0.033,3.81194828391134e-154,"group2","S100A8"
"ACTA2",6.66830275872817e-157,1.68302273467679,0.743,0.524,2.23641537922226e-152,"group2","ACTA2"
"MTRNR2L8",6.32041855749263e-156,1.15137895277115,0.269,0.007,2.11974197581188e-151,"group2","MTRNR2L8"
"C11orf96",4.97866993488173e-153,1.9089622997273,0.542,0.253,1.66974632276063e-148,"group2","C11orf96"
"PLIN2",3.09446188119798e-147,1.43712349057063,0.436,0.16,1.03782062571618e-142,"group2","PLIN2"
"CES1",3.73472776245394e-147,1.19825012367433,0.446,0.174,1.2525529969718e-142,"group2","CES1"
"FBP1",6.63513406603887e-145,1.54996711479524,0.36,0.091,2.22529126306812e-140,"group2","FBP1"
"GAPDH",3.6660372707577e-140,0.612997780805195,0.983,0.976,1.22951557986672e-135,"group2","GAPDH"
"CYP1B1",3.23036254049026e-139,0.764662947877663,0.395,0.104,1.08339898882962e-134,"group2","CYP1B1"
"OLR1",5.4478722762875e-138,0.894449553585728,0.269,0.023,1.8271074040213e-133,"group2","OLR1"
"MMP7",7.50900894731467e-137,1.16464206328983,0.32,0.056,2.51837142075039e-132,"group2","MMP7"
"A2M",1.33526038479499e-129,0.789805746426993,0.832,0.713,4.47819627852544e-125,"group2","A2M"
"VSIG4",7.88570131569961e-126,0.905089390799359,0.334,0.082,2.64470650725934e-121,"group2","VSIG4"
"CCL2",4.03899715881993e-125,0.96904203704042,0.442,0.176,1.35459886712503e-120,"group2","CCL2"
"RARRES1",8.19504403281434e-125,0.714447247674278,0.484,0.198,2.74845386772527e-120,"group2","RARRES1"
"MYH11",2.04709137061031e-120,2.14868044173696,0.304,0.068,6.86553503875286e-116,"group2","MYH11"
"HLA-C",3.6104847959684e-120,0.90537283416588,0.924,0.935,1.21088439087188e-115,"group2","HLA-C"
"BCL2A1",3.17746659600854e-117,0.907826823554147,0.281,0.052,1.06565874696935e-112,"group2","BCL2A1"
"FTH1",1.30422292772435e-113,1.28595186909974,0.998,0.997,4.37410285500194e-109,"group2","FTH1"
"CHI3L1",3.72352963848471e-113,2.29310464234518,0.416,0.205,1.248797370155e-108,"group2","CHI3L1"
"ITGB2",2.57068140235147e-110,1.33968797797012,0.593,0.416,8.62155128720635e-106,"group2","ITGB2"
"CHIT1",2.59503727644367e-110,2.78667948811356,0.41,0.2,8.70323601773678e-106,"group2","CHIT1"
"MGST1",6.64533130527094e-109,0.542594696054225,0.268,0.044,2.22871121316177e-104,"group2","MGST1"
"HLA-DRB1",1.72163092103892e-107,1.18649316412869,0.837,0.709,5.77400578298031e-103,"group2","HLA-DRB1"
"TYROBP",2.32759929750777e-106,1.58777464325265,0.692,0.564,7.80630252398155e-102,"group2","TYROBP"
"SRGN",3.0250929751457e-105,1.08705933011505,0.598,0.421,1.01455568200436e-100,"group2","SRGN"
"NUPR1",4.84025926419257e-105,1.32136705924706,0.828,0.794,1.6233261520249e-100,"group2","NUPR1"
"DES",7.10531694289967e-104,2.21130925958339,0.317,0.098,2.38298119630969e-99,"group2","DES"
"MALAT1",5.25561855253341e-102,0.862700194863771,0.979,0.944,1.76262935014865e-97,"group2","MALAT1"
"CD68",1.2444290425665e-100,1.49572365459912,0.569,0.402,4.17356612295953e-96,"group2","CD68"
"C15orf48",2.2457355711695e-100,0.907281811054456,0.29,0.078,7.53174795858826e-96,"group2","C15orf48"
"CYP27A1",7.19542835396946e-100,1.30835325511637,0.551,0.379,2.41320276135428e-95,"group2","CYP27A1"
"S100A9",1.28303014286958e-99,1.08171643479558,0.499,0.3,4.30302649315599e-95,"group2","S100A9"
"FGR",1.53283692296935e-97,0.750966969788303,0.285,0.075,5.14082847225459e-93,"group2","FGR"
"CSTB",1.78635295668782e-95,2.13274091839852,0.755,0.719,5.99107054613962e-91,"group2","CSTB"
"FABP5",1.86930640212633e-95,0.995031289654897,0.449,0.242,6.26927981145128e-91,"group2","FABP5"
"MARCO",2.10836339530434e-95,0.710124738014067,0.274,0.065,7.07102915517171e-91,"group2","MARCO"
"IFI6",3.02846657140022e-95,1.40480426472339,0.728,0.689,1.01568711871621e-90,"group2","IFI6"
"CTSL",3.40468009938037e-95,1.06589042771454,0.684,0.579,1.14186161173019e-90,"group2","CTSL"
"LAPTM5",2.74368474270416e-94,1.49828041499364,0.7,0.57,9.20176989008121e-90,"group2","LAPTM5"
"HEXB",3.79751425982194e-94,1.05988123455657,0.564,0.404,1.27361033245908e-89,"group2","HEXB"
"JCHAIN",4.68265252999192e-93,1.59329301577614,0.59,0.422,1.57046800550869e-88,"group2","JCHAIN"
"GCHFR",6.57758448056709e-93,1.29290175372992,0.401,0.209,2.20599028309259e-88,"group2","GCHFR"
"CNN1",1.92110102295183e-91,1.62305036495772,0.291,0.09,6.44298861077586e-87,"group2","CNN1"
"LSP1",9.27616323436738e-91,0.915537245986017,0.528,0.332,3.11103962554213e-86,"group2","LSP1"
"GPNMB",1.61493749103741e-90,1.56142227738222,0.727,0.575,5.41617735744126e-86,"group2","GPNMB"
"SLC11A1",3.25110298713171e-90,0.681304908104468,0.269,0.069,1.09035491982423e-85,"group2","SLC11A1"
"PLBD1",2.58717481580236e-87,0.632086842860936,0.327,0.12,8.67686689723795e-83,"group2","PLBD1"
"FCGR3A",1.95296222893864e-85,0.989163249552739,0.484,0.304,6.54984472341441e-81,"group2","FCGR3A"
"HLA-DQB1",1.20595640659187e-82,1.0902621353187,0.661,0.531,4.0445365964278e-78,"group2","HLA-DQB1"
"GSTO1",2.99683151875845e-82,0.809310313672692,0.601,0.467,1.00507735476121e-77,"group2","GSTO1"
"RAMP1",7.00448982203321e-82,0.807899183789572,0.337,0.13,2.3491657965135e-77,"group2","RAMP1"
"FDX1",5.54030189392605e-80,0.803994367519508,0.356,0.162,1.85810644918492e-75,"group2","FDX1"
"HBB",1.82770466318626e-79,2.0108562895996,0.293,0.101,6.12975589939408e-75,"group2","HBB"
"MSR1",1.89379155746863e-79,0.986145776620894,0.397,0.215,6.3513981254383e-75,"group2","MSR1"
"PSAP",2.93517185785867e-79,1.34828536870218,0.977,0.979,9.8439793768864e-75,"group2","PSAP"
"ALOX5",4.97027373061081e-79,0.639039512962682,0.298,0.105,1.66693040377225e-74,"group2","ALOX5"
"CD9",1.02721851747607e-78,0.865793204230191,0.706,0.614,3.44508546391124e-74,"group2","CD9"
"LGALS3",1.86320417307018e-78,0.94126974384313,0.797,0.786,6.24881415564278e-74,"group2","LGALS3"
"SPP1",1.95206367861846e-78,2.5879549864211,0.541,0.458,6.54683116535058e-74,"group2","SPP1"
"S100A10",2.12515326822729e-78,0.778139080673804,0.812,0.782,7.12733903098068e-74,"group2","S100A10"
"CFL1",1.40474032092333e-77,0.50667636139636,0.897,0.901,4.71121808831267e-73,"group2","CFL1"
"BRI3",6.9704933815581e-76,0.723656781947201,0.768,0.729,2.33776407030696e-71,"group2","BRI3"
"LGALS9",7.65919369785861e-76,0.762786209365794,0.496,0.326,2.56874038238782e-71,"group2","LGALS9"
"TAGLN",1.38713012758721e-75,1.06381153637146,0.817,0.704,4.652157021902e-71,"group2","TAGLN"
"NCF2",5.60912963645384e-75,0.618655711130603,0.263,0.085,1.88118989747389e-70,"group2","NCF2"
"GM2A",8.12087364525273e-75,1.52640022063624,0.596,0.506,2.72357860314486e-70,"group2","GM2A"
"CD74",1.73272289303646e-74,0.589821336933835,0.985,0.962,5.81120603866568e-70,"group2","CD74"
"LITAF",1.84565714726567e-74,0.704899139409084,0.613,0.471,6.18996494049961e-70,"group2","LITAF"
"CCL3",2.69349585577094e-74,0.689580040382525,0.318,0.128,9.03344640108457e-70,"group2","CCL3"
"SLC15A3",2.0086866606927e-73,0.922670484962174,0.513,0.365,6.73673332263118e-69,"group2","SLC15A3"
"MGLL",3.54085509671677e-73,0.664083070290653,0.393,0.203,1.18753198233687e-68,"group2","MGLL"
"SCD",9.79250356854076e-73,1.7830310298032,0.419,0.279,3.2842098468172e-68,"group2","SCD"
"CD44",2.08727756071204e-72,0.730981258922269,0.569,0.41,7.00031148311605e-68,"group2","CD44"
"FCER1G",3.01685475355633e-72,1.09650468655029,0.56,0.434,1.01179274724772e-67,"group2","FCER1G"
"PLAUR",7.07450203313096e-72,1.0400752948682,0.391,0.227,2.37264649187146e-67,"group2","PLAUR"
"OAZ1",8.89504753608882e-72,0.561325698453941,0.888,0.894,2.98322104265347e-67,"group2","OAZ1"
"ASAH1",5.63750786219674e-71,0.938015368132765,0.67,0.588,1.89070738682354e-66,"group2","ASAH1"
"RNASE1",2.04976782025832e-70,0.809090290703759,0.832,0.819,6.87451131558237e-66,"group2","RNASE1"
"ATP6V1F",2.32624192820174e-70,0.808658246577669,0.603,0.495,7.801750178803e-66,"group2","ATP6V1F"
"CEBPB",2.72398282458287e-70,0.838869016669041,0.649,0.566,9.13569359708603e-66,"group2","CEBPB"
"TREM2",8.32510583779289e-70,0.91252874003979,0.361,0.191,2.79207399587898e-65,"group2","TREM2"
"HLA-A",1.1330220884735e-69,0.77197430790995,0.968,0.951,3.79992948032241e-65,"group2","HLA-A"
"CD52",1.55198024056344e-69,1.48933801621798,0.474,0.336,5.20503133080168e-65,"group2","CD52"
"C5AR1",2.30224244434892e-69,0.525955474427526,0.26,0.086,7.7212607098574e-65,"group2","C5AR1"
"LAIR1",5.55962039765596e-69,0.707708804020098,0.364,0.186,1.86458548896586e-64,"group2","LAIR1"
"MX1",5.67571674862957e-69,0.683204002620282,0.493,0.319,1.90352188315539e-64,"group2","MX1"
"C1orf162",9.33543446420932e-69,0.509807305766097,0.301,0.118,3.13091801060652e-64,"group2","C1orf162"
"S100A11",1.28000666708708e-67,0.993197781777116,0.904,0.883,4.29288636007665e-63,"group2","S100A11"
"HAVCR2",1.41208025378569e-67,0.534280181295,0.28,0.104,4.73583475514644e-63,"group2","HAVCR2"
"LIPA",5.1562836630244e-67,1.1646056054963,0.559,0.45,1.72931441490512e-62,"group2","LIPA"
"TIMP1",7.07384685607255e-67,1.02564341940361,0.927,0.959,2.37242675858961e-62,"group2","TIMP1"
"SLC29A1",8.41363929911984e-67,0.502852513376276,0.359,0.165,2.82176634813881e-62,"group2","SLC29A1"
"YBX1",9.02515680288428e-67,0.518123431737783,0.779,0.716,3.02685708855133e-62,"group2","YBX1"
"LYZ",3.62346329165776e-66,2.07167391520677,0.677,0.573,1.21523711875618e-61,"group2","LYZ"
"DBI",9.02964787855008e-66,0.797669696753013,0.573,0.465,3.02836330550812e-61,"group2","DBI"
"CTSD",3.55220287145093e-65,2.02883610718558,0.936,0.941,1.19133779902721e-60,"group2","CTSD"
"CORO1C",4.75984422138963e-65,0.570049591536527,0.374,0.192,1.59635655496966e-60,"group2","CORO1C"
"SH3BGRL3",8.75776867759882e-65,0.84404456854408,0.762,0.714,2.93718045909309e-60,"group2","SH3BGRL3"
"CD53",1.8042507106604e-64,0.757371306627602,0.423,0.258,6.05109603341284e-60,"group2","CD53"
"ALOX5AP",3.43805696222576e-64,0.597056496977944,0.286,0.117,1.15305554399128e-59,"group2","ALOX5AP"
"SPI1",3.67721871211255e-64,0.782955268451806,0.408,0.246,1.23326561166831e-59,"group2","SPI1"
"IGFBP7",4.03335533627854e-64,0.64692727272069,0.935,0.938,1.3527067126811e-59,"group2","IGFBP7"
"LTA4H",1.69818206846343e-63,0.868869667483282,0.5,0.365,5.69536302121265e-59,"group2","LTA4H"
"GRN",1.22298602544043e-61,1.51681638320779,0.827,0.848,4.1016505321221e-57,"group2","GRN"
"FTL",6.625585809999e-61,1.82102603547597,0.999,0.996,2.22208896895746e-56,"group2","FTL"
"RNASET2",1.07762010495583e-60,0.852301969414934,0.585,0.487,3.61412230800087e-56,"group2","RNASET2"
"GLUL",2.55191635520856e-60,0.665151239118263,0.763,0.755,8.55861707209848e-56,"group2","GLUL"
"PPT1",6.07579286550344e-60,0.660095736355773,0.492,0.341,2.03769941123254e-55,"group2","PPT1"
"CD83",1.48841732418701e-59,0.613081289078997,0.312,0.149,4.99185402185838e-55,"group2","CD83"
"OAS1",1.61189860032653e-59,0.547597736656964,0.37,0.197,5.40598552577513e-55,"group2","OAS1"
"HS3ST2",2.6180582986935e-59,0.639781547314454,0.311,0.145,8.78044392215825e-55,"group2","HS3ST2"
"ZNF385A",2.83461348155759e-59,0.566235375100668,0.284,0.122,9.50672669444783e-55,"group2","ZNF385A"
"SIRPA",3.77566435028919e-59,0.659359963370417,0.411,0.247,1.26628230979999e-54,"group2","SIRPA"
"SNX10",9.9475339835417e-59,0.524315180998304,0.278,0.116,3.33620394740022e-54,"group2","SNX10"
"RMDN3",2.63499567356802e-58,0.630881831976541,0.322,0.161,8.83724849001243e-54,"group2","RMDN3"
"PRDX1",1.07982005878936e-57,0.657418596911555,0.791,0.816,3.62150051316777e-53,"group2","PRDX1"
"FLNA",1.5191293443651e-57,0.912261465161651,0.864,0.882,5.09485599513169e-53,"group2","FLNA"
"MYADM",3.64993359624449e-57,0.501131572753427,0.473,0.293,1.22411472950848e-52,"group2","MYADM"
"CAPG",8.21061979536025e-57,1.1649398455965,0.603,0.518,2.75367766696792e-52,"group2","CAPG"
"MGP",1.32795812489965e-56,0.759645881120798,0.745,0.716,4.45370595928844e-52,"group2","MGP"
"CFD",2.61455434357357e-56,0.863588462060001,0.529,0.406,8.76869235747703e-52,"group2","CFD"
"MCAM",8.33127668775918e-56,0.722728999079044,0.294,0.134,2.79414357554067e-51,"group2","MCAM"
"HOPX",1.13840214276274e-55,0.601271491143883,0.282,0.121,3.81797310639769e-51,"group2","HOPX"
"PECAM1",1.44321426182347e-55,0.541601441910997,0.508,0.344,4.84025199130354e-51,"group2","PECAM1"
"C1QB",3.19293368206387e-55,0.836827673995542,0.711,0.626,1.07084609829058e-50,"group2","C1QB"
"SLC7A7",1.11983433064208e-54,0.521573623209405,0.311,0.152,3.75570037810741e-50,"group2","SLC7A7"
"AIF1",2.55442988682729e-54,0.595972416002755,0.471,0.314,8.56704695444136e-50,"group2","AIF1"
"PIK3AP1",4.62369846217767e-54,0.516960177848412,0.288,0.132,1.55069599024515e-49,"group2","PIK3AP1"
"PTGIS",1.75470229963101e-53,0.592273252051026,0.49,0.311,5.88492057250249e-49,"group2","PTGIS"
"SOD2",2.23344497017016e-53,0.667303237631234,0.556,0.443,7.49052774095668e-49,"group2","SOD2"
"CTSS",2.60307617350446e-53,1.10548783484972,0.582,0.491,8.73019687069927e-49,"group2","CTSS"
"HLA-DPB1",2.68532697774466e-53,0.615142318497539,0.757,0.624,9.00604961796005e-49,"group2","HLA-DPB1"
"TPM1",5.39619989212925e-53,0.77484817370487,0.605,0.495,1.80977751982231e-48,"group2","TPM1"
"ATF5",6.5197867302274e-53,0.51761064400172,0.294,0.137,2.18660607358366e-48,"group2","ATF5"
"CD59",7.55266924769694e-53,0.505018887601678,0.761,0.741,2.5330142122926e-48,"group2","CD59"
"CD163",3.36566250597559e-52,0.658390610784647,0.419,0.27,1.12877589125409e-47,"group2","CD163"
"CTSZ",8.71846543447839e-52,0.758243596947922,0.555,0.451,2.92399893741536e-47,"group2","CTSZ"
"ADAM8",3.61685482709468e-51,0.567027337937749,0.274,0.126,1.21302077191101e-46,"group2","ADAM8"
"SOAT1",2.683136983106e-50,0.621908524822823,0.382,0.235,8.9987048139409e-46,"group2","SOAT1"
"PLA2G7",3.81709705110501e-50,0.527938183287136,0.278,0.132,1.2801780089996e-45,"group2","PLA2G7"
"LGMN",4.60778032652702e-50,0.767523400084218,0.621,0.53,1.54535736591063e-45,"group2","LGMN"
"M6PR",9.02966938641329e-50,0.549396798847334,0.455,0.31,3.02837051881529e-45,"group2","M6PR"
"MT2A",4.38837396791952e-49,0.53398663412117,0.744,0.713,1.47177286136085e-44,"group2","MT2A"
"ITGAX",1.45984777459667e-48,0.770348495287856,0.369,0.237,4.8960374664423e-44,"group2","ITGAX"
"SIGLEC1",4.05845531547815e-48,0.604730427268668,0.371,0.223,1.36112474370506e-43,"group2","SIGLEC1"
"NR1H3",4.19864166710782e-48,0.641933088216036,0.378,0.24,1.40814044231462e-43,"group2","NR1H3"
"PLAU",5.6588206330254e-48,0.570416726368498,0.353,0.199,1.89785526390406e-43,"group2","PLAU"
"NOP10",1.09927306287864e-47,0.57556717266823,0.547,0.435,3.68674199828237e-43,"group2","NOP10"
"CTSC",2.82139957396839e-47,0.638625845397739,0.523,0.402,9.46240989117519e-43,"group2","CTSC"
"EMP3",3.24674644042253e-47,0.511152105973468,0.643,0.535,1.08889382118891e-42,"group2","EMP3"
"CYBB",6.15843391201226e-47,0.567319338087234,0.387,0.242,2.06541556541067e-42,"group2","CYBB"
"ATF3",3.66588230062691e-46,0.532473092396751,0.29,0.138,1.22946360598425e-41,"group2","ATF3"
"ACP5",2.19448290442158e-45,1.1483048474673,0.499,0.417,7.35985676484908e-41,"group2","ACP5"
"FBXO32",8.6735545641762e-45,0.533007872441906,0.382,0.233,2.90893672973341e-40,"group2","FBXO32"
"HLA-DMB",1.50788221199976e-44,0.742429666163851,0.533,0.426,5.05713536260479e-40,"group2","HLA-DMB"
"CTSB",1.6673316441886e-44,1.2750279827074,0.913,0.915,5.59189686827974e-40,"group2","CTSB"
"FXYD5",1.42925202092922e-43,0.532390735090898,0.565,0.462,4.79342542779242e-39,"group2","FXYD5"
"COTL1",2.241133930183e-43,0.571226367780276,0.5,0.384,7.51631497504774e-39,"group2","COTL1"
"JUN",2.28289788807761e-43,0.610712023379607,0.661,0.55,7.6563829370347e-39,"group2","JUN"
"CXCL16",6.00556652068666e-43,0.740335680690808,0.438,0.33,2.01414689970789e-38,"group2","CXCL16"
"HLA-DPA1",1.18849969964584e-41,0.606197599573782,0.786,0.737,3.98599029267221e-37,"group2","HLA-DPA1"
"MFSD12",2.21811723456699e-41,0.542013194153732,0.374,0.243,7.43912158129076e-37,"group2","MFSD12"
"ATP6V1B2",1.50173994398503e-40,0.524940240271945,0.394,0.266,5.03653542413698e-36,"group2","ATP6V1B2"
"APOC1",3.39051439221638e-40,2.57383412959248,0.63,0.569,1.13711071686153e-35,"group2","APOC1"
"CREG1",6.12087632697256e-40,0.579485340321616,0.606,0.542,2.05281950254006e-35,"group2","CREG1"
"CEBPA",6.12829771717451e-40,0.617195666269107,0.334,0.215,2.05530848838599e-35,"group2","CEBPA"
"FCGR2B",1.10032229451443e-39,0.655369871547069,0.358,0.236,3.6902609113425e-35,"group2","FCGR2B"
"ANXA2",5.9944557115752e-39,0.588793534943052,0.842,0.803,2.01042055654809e-34,"group2","ANXA2"
"TNS1",1.60145523436756e-38,0.514274411209268,0.534,0.406,5.37096056502191e-34,"group2","TNS1"
"NPL",2.8483846019951e-38,0.502575741578469,0.329,0.197,9.55291227817117e-34,"group2","NPL"
"LCP1",1.25659358867721e-37,0.608332812433604,0.445,0.336,4.21436357770563e-33,"group2","LCP1"
"ALDH2",5.43963532309695e-37,0.524462855883918,0.447,0.331,1.82434489466025e-32,"group2","ALDH2"
"ISG15",1.16561862026066e-36,0.649454790959198,0.573,0.474,3.9092517286302e-32,"group2","ISG15"
"HBA2",2.57710551903924e-36,1.78397959606825,0.264,0.143,8.6430964897538e-32,"group2","HBA2"
"GSN",4.3993304203033e-35,0.514109117416586,0.827,0.864,1.47544743636132e-30,"group2","GSN"
"ARHGDIB",4.93343683909009e-35,0.520294258344212,0.546,0.459,1.65457604709404e-30,"group2","ARHGDIB"
"SDCBP",2.23183645018843e-34,0.544687016390262,0.634,0.598,7.48513308664195e-30,"group2","SDCBP"
"NPC2",1.48283538945739e-33,0.596624512018652,0.799,0.844,4.9731333291622e-29,"group2","NPC2"
"H2AFY",3.14690359461627e-33,0.54402649109324,0.486,0.396,1.05540852756241e-28,"group2","H2AFY"
"SOD3",7.24621696672249e-33,0.599059823885356,0.279,0.164,2.43023624629939e-28,"group2","SOD3"
"PKM",2.10169082658473e-32,0.607968344417415,0.816,0.859,7.04865069419987e-28,"group2","PKM"
"C1QC",8.51379295654118e-32,0.532695825356357,0.6,0.499,2.85535588176478e-27,"group2","C1QC"
"MYLK",3.94787529676631e-31,0.893920525244816,0.4,0.297,1.32403841702949e-26,"group2","MYLK"
"LILRB4",1.1572351155748e-30,0.621968534247783,0.359,0.261,3.88113513061477e-26,"group2","LILRB4"
"HLA-DMA",1.72961113514696e-30,0.533854263459117,0.57,0.507,5.80076982505588e-26,"group2","HLA-DMA"
"LDHA",2.25458875307328e-30,0.563494321715471,0.639,0.611,7.56143976005717e-26,"group2","LDHA"
"SLC16A3",2.0792038028213e-29,0.522591764536451,0.339,0.238,6.97323371390206e-25,"group2","SLC16A3"
"IL4I1",1.93902265295929e-27,0.524412410808374,0.299,0.198,6.50309417349485e-23,"group2","IL4I1"
"IFI27",3.18562383211777e-27,0.650354139266561,0.786,0.833,1.06839452081566e-22,"group2","IFI27"
"PLD3",4.2779411752586e-27,0.716985258436174,0.811,0.849,1.43473591135823e-22,"group2","PLD3"
"JUNB",4.71197722479366e-26,0.611724341162294,0.749,0.708,1.5803029216513e-21,"group2","JUNB"
"CTSA",5.24159370257991e-24,0.530314844382451,0.638,0.653,1.75792569597125e-19,"group2","CTSA"
"KIAA0930",1.09685667545895e-23,0.64637736932223,0.457,0.411,3.67863791815421e-19,"group2","KIAA0930"
"CARMN",1.52921956215065e-23,0.604240545548969,0.322,0.229,5.12869656754086e-19,"group2","CARMN"
"CTSH",2.78727244881887e-21,0.564697171626071,0.559,0.545,9.34795433884871e-17,"group2","CTSH"
"FHL1",2.36722279578984e-20,0.650707584856758,0.27,0.194,7.93919181251996e-16,"group2","FHL1"
"MEST",8.74931682252237e-19,0.543926549417762,0.273,0.191,2.93434587593755e-14,"group2","MEST"
"LMOD1",1.2148475060566e-15,0.511522917052363,0.288,0.215,4.07435556581264e-11,"group2","LMOD1"
"MRGPRF",1.23803470659446e-15,0.512496287184428,0.288,0.222,4.1521207989765e-11,"group2","MRGPRF"
"ADIRF",4.38767429174913e-15,1.02828000657673,0.509,0.502,1.47153820396682e-10,"group2","ADIRF"
"FOS",1.08731742974165e-11,0.808334113098828,0.669,0.632,3.64664519586756e-07,"group2","FOS"
"KLF2",1.11801391749672e-10,0.570577604211293,0.424,0.378,3.74959507650048e-06,"group2","KLF2"
"DUSP1",1.01843324042487e-08,0.619987641004673,0.574,0.553,0.000341562140173692,"group2","DUSP1"
"IGLC3",3.96143159310165e-08,1.12990002334739,0.623,0.636,0.00132858492769443,"group2","IGLC3"
"MMP9",3.48914478840024e-07,0.782984859959034,0.386,0.385,0.0117018937913367,"group2","MMP9"
