,cnv_score,cancer
CATCAGAGTTATCACG_1,102.4295716,1
CGGACTGAGATGTTAG_1,99.5345039,0.971736016
GTAGTCATCAAGGTAA_1,99.28363469,0.969286829
CGTCCATTCGTTGACA_1,92.05190627,0.89868487
GCATGATCACTTACGA_5,89.00445108,0.868933157
CAGGTGCCAGCTCCGA_1,85.11200699,0.830931982
ACTGTCCAGCGATATA_3,83.27238506,0.812972111
GTCTCGTGTACTTGAC_1,81.53913073,0.796050686
CGTTCTGCAGCCAATT_3,79.4796757,0.775944626
TCCCGATGTCGAATCT_1,78.98390042,0.771104469
CCTAGCTCAAAGTGCG_1,78.97719796,0.771039034
GTCCTCAAGTGTTAGA_1,78.88862152,0.770174279
CCACCTATCTTATCTG_3,78.80984144,0.769405165
TTATGCTAGTTATCGC_3,78.3794138,0.765202983
CGGACTGGTTGAGTTC_1,77.79345252,0.759482357
CCTTCGACATTTCACT_3,75.816194,0.740178767
ATGGGAGAGATCGGGT_1,75.23042937,0.73446006
TACTTGTGTGAGGGAG_1,74.2546255,0.724933477
CGGGTCACATAAGACA_1,74.22089155,0.724604139
ACTGAGTCAAGGTTCT_3,73.71193702,0.719635315
TTAGGCAAGCGACGTA_4,72.7081692,0.709835725
ATGAGGGTCGGTCCGA_3,72.43875914,0.707205526
GGACAGACAACGATGG_1,72.34609554,0.70630087
TTCGAAGTCCTCTAGC_1,72.19385981,0.704814622
CAGAATCAGCACGCCT_2,71.78291211,0.700802619
AGGTCCGCAAAGGCGT_1,71.41918241,0.697251597
TGGTTAGTCCTTAATC_1,70.93150365,0.692490484
ATCACGAGTTATTCTC_1,70.89426081,0.692126889
ACATGGTTCCTTTCTC_3,70.86058757,0.691798144
TGGGAAGCACGGCGTT_3,70.53687092,0.688637761
TCAGGATTCTGGGCCA_1,70.1260297,0.684626798
GCATGTATCCCAAGAT_3,69.86146065,0.682043862
GGCTCGACATCCGGGT_3,69.65715033,0.68004922
CAGCATAGTTATCACG_3,69.47598223,0.678280511
CAGTAACGTCTACCTC_5,69.29801911,0.676543092
AGCTCCTAGGAGTAGA_4,69.05305575,0.674151562
GTCTTCGTCAACGCTA_5,68.68514156,0.670559688
CTACGTCTCCTTCAAT_5,68.31351291,0.666931549
CACCACTCAACAACCT_1,68.05702199,0.664427478
CATCGGGCAGGTGCCT_1,68.01171763,0.663985181
TAAACCGCACGAGAGT_5,67.96806148,0.663558974
GCATACACAATTCCTT_2,67.96255005,0.663505167
GAATGAAGTCGGCACT_2,67.54712359,0.659449439
ATCCGAAGTTTAGCTG_1,67.40662826,0.658077811
CTACATTAGGCTAGCA_3,67.36303219,0.657652191
CTGCTGTTCCTTGACC_3,67.1112187,0.655193785
CTCATTATCAGTTAGC_4,66.96434979,0.653759932
ACATGGTTCGGAAACG_3,66.5944963,0.650149124
TAAGAGAAGACAATAC_1,66.18405023,0.646142019
CGACTTCTCGCCTGTT_1,65.69409868,0.641358717
CAAGATCGTTGTCTTT_1,65.35139222,0.638012941
GATCGTAGTCCATCCT_3,65.33491899,0.637852116
CAGCTAACAACGCACC_5,65.21298846,0.636661732
TCTTTCCTCGGCATCG_5,65.09177197,0.635478319
TGCGCAGTCATCGATG_1,65.00935569,0.634673705
GACGCGTTCCGTCAAA_3,64.46307284,0.629340451
CCAGCGAGTAGCACGA_1,64.42080252,0.628927774
GATTCAGAGAATGTGT_3,64.14290241,0.62621469
ACGAGCCCAGGACGTA_3,63.429829,0.619253092
CAACTAGGTACCCAAT_3,63.18987475,0.616910466
ACTGAACGTCTTGTCC_5,63.07034343,0.615743505
TTTCCTCTCGAACTGT_4,62.94361065,0.614506237
CATCGGGCATCATCCC_5,62.86174788,0.613707027
TCATTACTCTCGATGA_3,62.25540748,0.607787443
ACTGCTCTCAAGGCTT_2,62.0709895,0.605987007
ATTGGTGAGCGCCTTG_4,62.05156893,0.605797407
CAGAGAGTCTTTAGGG_4,61.87801325,0.604103017
CCTTCCCGTCGGCACT_5,61.74061347,0.60276161
AACCATGAGGGCACTA_3,61.64049645,0.601784187
CGTGTCTGTATCGCAT_3,61.55121792,0.600912578
GTGTGCGCACGCGAAA_2,61.51368984,0.600546198
TTCTCAAAGAGCCTAG_3,61.19974388,0.597481205
TGCGGGTTCCTAGAAC_5,61.11773149,0.596680534
TAGAGCTTCTATCGCC_3,60.92615715,0.594810231
AGAGCGACACACCGCA_3,60.87040861,0.594265969
CAGCAGCAGTGACATA_1,60.78096733,0.593392771
AAGGCAGAGCCCAATT_5,60.62605715,0.591880413
TGCGGGTAGATGCGAC_5,60.48163214,0.59047042
ACGGCCATCACCACCT_5,60.47024809,0.590359279
CCACGGAGTATAGGGC_2,60.40724243,0.589744167
CCATTCGAGGGTCTCC_5,60.154464,0.587276341
TTCTTAGGTGTCCTCT_2,60.13547246,0.58709093
CGGACTGTCAACACTG_3,59.93293091,0.585113556
TGCGTGGTCGGAAATA_3,59.91181949,0.584907449
GGCGACTAGAGGTTGC_5,59.76802672,0.583503629
TTGTAGGTCGTCCGTT_1,59.49223979,0.580811174
ATAGACCGTAGGAGTC_2,59.47334844,0.580626742
GAGCAGAAGAATAGGG_2,59.4499772,0.580398573
CCTAAAGCATTCTCAT_3,59.4331311,0.580234108
ATTTCTGTCTTGGGTA_1,59.26812911,0.578623225
CAGTCCTCAGTACACT_2,59.22394026,0.578191818
GACAGAGCATGGATGG_4,58.58348216,0.57193915
GGAACTTGTTCCCTTG_5,58.57486743,0.571855046
AGATTGCGTTCGTTGA_5,58.55404649,0.571651775
CACTCCATCTGTCTAT_3,58.47134778,0.570844404
GCAGTTACACCCATGG_3,58.29192065,0.569092692
GTACGTAAGATGTCGG_2,58.12214222,0.567435178
CTGCGGAAGTGTTGAA_5,58.018807,0.566426336
CCTACACGTCCTCTTG_5,57.62962868,0.562626864
TCTATTGCACAGGCCT_2,57.3169151,0.559573902
AGGGATGTCATACGGT_3,57.29554177,0.559365238
TCGGGACCAGACGCCT_4,57.1868419,0.558304023
CTGAAGTCAACGATCT_3,57.16764525,0.55811661
CGAACATCAGCTCCGA_1,56.71008503,0.553649538
GCACTCTCAGACAAGC_2,56.69861454,0.553537554
AGAGTGGAGCGTGAGT_5,56.68697587,0.553423928
GTGCTTCGTCCGAGTC_3,56.57196256,0.552301075
CTGGTCTCATTTGCTT_1,56.36959866,0.550325436
AGAGTGGCATGGATGG_1,56.36389905,0.550269792
GGAATAATCATTGCGA_4,56.29145543,0.549562539
CTGCGGATCGGATGGA_4,56.27616472,0.549413258
GGGAGATCAGGAATCG_5,56.24396495,0.549098898
ACGTCAAAGCTGGAAC_2,56.17442411,0.548419985
GGGTTGCTCTCGCTTG_2,56.08972202,0.547593055
AGTCTTTTCAGCACAT_5,55.99468523,0.546665229
ACATCAGCAGGTCGTC_5,55.99223543,0.546641312
TACCTTACAGACAAAT_2,55.87299431,0.545477184
ACAGCCGGTAAGAGAG_3,55.84185103,0.545173138
ACACCAATCGGAGCAA_1,55.70340372,0.543821504
ACGTCAAAGTGAACAT_1,55.52095292,0.542040272
AACTCCCTCTTCGGTC_1,55.48963913,0.541734562
AAGGTTCGTTTGACAC_5,55.47705449,0.541611701
GCTCTGTCATGCATGT_5,55.28183925,0.539705852
TGACTTTCATCCCATC_2,55.26456654,0.539537222
GGACATTTCAAACGGG_2,55.26405536,0.539532231
ACTTACTCACTTACGA_2,55.2493838,0.539388996
TCTGAGACATGACATC_5,55.24733152,0.53936896
GATCTAGGTCTCGTTC_1,55.23244058,0.539223583
TCTGAGAAGTGGGCTA_2,55.0626219,0.537565676
GATGAAATCTGTCTAT_1,55.01296949,0.537080929
TCAGCAAGTCTCCATC_1,54.99186028,0.536874844
GCAGCCATCACCGTAA_2,54.98715208,0.536828879
CCGTTCAAGCAGGCTA_1,54.95126707,0.53647854
CACTCCACAGACGTAG_4,54.83325942,0.535326454
TAAGAGATCCTATTCA_3,54.7478668,0.534492783
GACACGCGTCTCCACT_4,54.68369329,0.533866269
GAAACTCTCGGCGGTT_3,54.68237809,0.533853429
TGGCTGGCATTGCGGC_1,54.52985614,0.532364387
CTAGAGTAGCAGGCTA_5,54.43531844,0.531441434
GTCGGGTTCCCAAGTA_4,54.43484469,0.531436809
GGACGTCAGTATCGAA_4,54.38023831,0.530903697
CATGCCTCAGACACTT_5,54.33096174,0.53042262
CTGATCCTCAGCGACC_3,54.26446488,0.529773424
ACGATGTCAGACGCCT_3,54.23614654,0.529496957
ATTATCCGTGAGTGAC_5,54.15331043,0.528688245
ACCCACTCAATGGACG_3,53.96427545,0.526842733
ACTATCTCACCGAATT_5,53.8262796,0.525495506
GGGAATGAGGATCGCA_4,53.71409807,0.5244003
CTAGCCTAGGCATGGT_2,53.21597095,0.519537181
ATTATCCTCCTTTCTC_5,53.19420339,0.519324669
CAGAGAGTCTCAAACG_3,53.19238667,0.519306933
GGTATTGCACCCATTC_2,53.18977272,0.519281413
CGTCCATAGTGGGATC_2,53.16367781,0.519026654
AGCGTATCACATAACC_5,53.10378072,0.51844189
CAAGATCCAGATCCAT_2,53.08634841,0.518271702
CGTAGGCGTATAGGTA_5,53.03734625,0.517793303
GCAGTTATCTTGAGGT_3,52.8964997,0.516418246
CGAACATAGGGTTTCT_5,52.79423465,0.515419852
CTAGCCTGTTCTCATT_3,52.68904781,0.514392933
CCGTGGAGTTCTGTTT_5,52.64184615,0.513932113
ATCGAGTTCTTACCGC_3,52.57829237,0.513311649
CAGAATCTCTTCGAGA_1,52.52380375,0.512779688
CCTTTCTCAAAGTGCG_5,52.47430919,0.512296482
AGAGCTTAGGAGCGAG_4,52.39798995,0.511551392
GTGCGGTAGTCGTTTG_5,52.38536766,0.511428163
TATTACCAGAGCTTCT_5,52.38283874,0.511403474
GCGACCAAGTCGAGTG_5,52.26928266,0.510294848
TCACGAAAGGGATACC_5,52.09315459,0.508575344
TATGCCCGTCCCTACT_3,51.84660449,0.506168323
GTCTCGTTCTGTACGA_2,51.77675326,0.505486379
CCGTGGACAATACGCT_5,51.67582963,0.504501081
TGACGGCCAGAGTGTG_5,51.51763208,0.502956629
TGCCCTAAGATGTAAC_5,51.44228832,0.502221063
AGATTGCTCCCTCTTT_3,51.31135596,0.500942796
TACACGAAGGGTCTCC_2,51.16574619,0.499521236
CTCCTAGGTTAGATGA_4,51.1635665,0.499499956
CTCCTAGAGACCCACC_5,51.04694151,0.498361369
ACGGGCTGTTTGCATG_2,50.99521165,0.49785634
TTAACTCTCCGCAGTG_5,50.93924098,0.497309909
TACGGGCCACACCGAC_4,50.8339267,0.496281746
CCTCTGATCTTGTACT_5,50.76465313,0.495605442
CGTGAGCGTAAATGAC_2,50.76177594,0.495577353
GACGGCTCACGGTTTA_4,50.62128677,0.494205784
TCAGATGTCAATCTCT_5,50.59666794,0.493965435
CACCAGGCAGTATGCT_2,50.56047489,0.49361209
GTCTTCGCAATCAGAA_2,50.43275232,0.492365159
CACTCCACAAGCGAGT_4,50.30513926,0.491119297
TGTATTCGTCCGAAGA_4,50.16128584,0.489714884
TGAAAGATCAAGGCTT_5,50.12323574,0.489343409
ATCTACTTCATGTAGC_3,50.10840913,0.489198659
GACGCGTCAGTCAGAG_5,50.08535246,0.488973562
CTCGAAACACAGCCCA_3,49.86271953,0.48680004
TTCGGTCTCGTACGGC_4,49.84250451,0.486602684
TATCTCATCGGAATCT_3,49.8353542,0.486532877
TAAACCGCACCATGTA_2,49.7959509,0.48614819
GTAGGCCCATTACGAC_2,49.75623572,0.485760459
CTCTACGTCGGAGCAA_1,49.6974351,0.4851864
TACGGGCTCGGGAGTA_4,49.66742229,0.484893391
AACTTTCGTTATGCGT_5,49.64681534,0.484692209
ATGTGTGCAAGGCTCC_2,49.610062,0.484333393
TTCCCAGAGTGGCACA_2,49.58085268,0.484048228
TCTATTGTCGTCACGG_4,49.51995161,0.483453663
CCATTCGGTACTTAGC_4,49.51701322,0.483424976
CAACCTCTCTATCCCG_3,49.43634501,0.482637428
AACGTTGGTGTTAAGA_4,49.4021585,0.482303672
ATCACGATCTCGCTTG_3,49.15545732,0.479895176
ACGCAGCCAAGTCATC_5,49.14915775,0.479833675
GCGCCAAGTATAGTAG_4,49.06317759,0.478994267
GCTCCTAGTAGCCTCG_3,49.04548082,0.478821497
TAAGCGTTCGCAAGCC_3,48.98359884,0.478217355
AAGGTTCGTAGCCTCG_2,48.95539808,0.477942037
GTCAAGTTCCACGCAG_1,48.93257297,0.477719199
ATTACTCAGATTACCC_2,48.89822698,0.477383886
AACCATGCATCTGGTA_4,48.85246388,0.47693711
AAAGCAACATCACCCT_5,48.8437277,0.47685182
TGAGAGGGTTATCACG_1,48.44635944,0.472972391
CGATTGACATCGATTG_2,48.34682791,0.472000684
TGGCCAGGTAGAGTGC_5,48.16660646,0.470241217
GCCTCTAGTTACCGAT_5,48.14394645,0.470019992
TTTGTCATCTGGTGTA_2,48.0408261,0.469013248
ATTGGTGAGCTAACAA_3,47.96284124,0.468251897
TTATGCTTCCGCATAA_2,47.95516911,0.468176996
CGGACTGTCTCTTATG_5,47.84206602,0.467072792
TGCACCTGTTACGTCA_4,47.79472167,0.466610578
GACTACAAGTGAATTG_5,47.78821302,0.466547036
GTCTCGTGTGGTGTAG_3,47.72978269,0.465976592
CTTGGCTCACCATCCT_5,47.71309445,0.465813668
CGAACATAGTGAACAT_2,47.62525555,0.464956114
CGTGAGCCATAGTAAG_2,47.55064808,0.464227735
TTTGCGCAGTCGTACT_2,47.53103099,0.464036218
ATGCGATTCACAATGC_5,47.4421636,0.463168622
ATCCACCAGGGTGTGT_5,47.28241744,0.461609052
TCACGAAAGTTCGCAT_5,47.23426102,0.46113891
CGCTGGACAAAGGTGC_4,47.20369732,0.460840523
TTTGTCAAGTGCGTGA_5,47.19870814,0.460791814
CCTAGCTGTTTACTCT_5,47.18252862,0.460633857
TTGGAACGTTCCACTC_2,47.18139072,0.460622748
TTTGTCAGTGCACGAA_2,47.17631701,0.460573214
AACGTTGGTGAGTGAC_2,47.15121963,0.460328193
GGGCATCTCTGACCTC_1,47.11289828,0.459954069
CGAACATCAGGTGGAT_5,47.10428351,0.459869965
TGAGCCGTCAATAAGG_1,47.05619573,0.459400493
TCAGATGAGGCCGAAT_2,46.96216316,0.458482471
CATGGCGAGTGCGTGA_5,46.96002502,0.458461597
CTTAGGACACGGCTAC_2,46.92618262,0.4581312
CGGAGCTTCCAAACTG_4,46.91160759,0.457988907
TCAGCAAAGTGTCCAT_1,46.87731672,0.457654132
TAAGCGTGTACTTGAC_5,46.75692556,0.456478777
ACACCGGAGACACGAC_5,46.57626399,0.454715013
TGCTGCTGTTATCCGA_1,46.43791551,0.453364344
TGGCCAGCACACATGT_5,46.40289326,0.453022428
GTGGGTCCAAGAGTCG_4,46.37432652,0.452743537
AAATGCCCACATCCGG_5,46.23950589,0.451427309
ACTGTCCTCCTCTAGC_2,46.0987997,0.450053622
TAAGAGAGTTGAGGTG_4,46.00906554,0.449177565
AGCCTAAAGCGTAATA_3,45.88005364,0.447918047
CTAACTTGTCCGAGTC_4,45.87747556,0.447892877
GATCGATCATCGTCGG_4,45.85106467,0.447635033
ACGTCAAGTATAGGTA_2,45.83137615,0.447442818
AAACGGGGTCTCAACA_5,45.79057931,0.447044526
AACCATGCACCACGTG_4,45.77304598,0.446873352
CAAGATCGTTACGACT_4,45.53865949,0.444585082
CGGAGCTGTACCAGTT_4,45.52039414,0.444406761
CATATGGAGCCTATGT_5,45.51859698,0.444389215
AGCCTAACACACCGAC_2,45.36051575,0.442845899
CGTTAGACAAGTCATC_3,45.33937213,0.442639478
CCCATACTCGTAGATC_5,45.28168867,0.442076326
GGACATTGTACCCAAT_2,45.26652227,0.441928259
CAGCTAACAGCGATCC_4,45.25848261,0.441849769
CGGCTAGAGATGGGTC_5,45.25403757,0.441806373
TGGGAAGAGGCGCTCT_5,45.1860018,0.441142153
TGTGTTTAGAACTCGG_4,45.15887979,0.440877366
CACTCCACAGCGTAAG_3,45.12896164,0.440585281
ATCATGGGTAGCTCCG_2,45.09739237,0.440277077
TGAGGGAAGCGTCTAT_4,45.02885987,0.439608007
GAAACTCCAGGGTACA_5,45.02152119,0.439536361
AACTCTTAGCCTTGAT_2,45.00901359,0.439414252
ACGCCAGAGGCGATAC_5,44.96626752,0.43899693
TTAGGACTCCCTTGCA_2,44.95350948,0.438872376
TGCTACCAGATGTTAG_5,44.88319706,0.43818593
TCTGAGAAGCACGCCT_4,44.76112606,0.436994174
CACAGGCGTGTTAAGA_5,44.74383226,0.436825338
TTTATGCGTTACGTCA_2,44.71401698,0.436534257
CGTAGGCGTACCAGTT_5,44.58874482,0.43531125
CCTCTGATCCGATATG_2,44.58532325,0.435277845
GTTACAGGTCTGATCA_5,44.56023122,0.435032877
GTGCAGCCAAGGACAC_5,44.5342423,0.434779152
TTAACTCGTTCGGCAC_4,44.52725483,0.434710935
ATCATGGCACCGTTGG_5,44.50212041,0.434465552
CTCGGGACAAGCCATT_5,44.46112823,0.434065354
ACGTCAACAGCGAACA_5,44.3184901,0.432672805
TACCTTACAACAACCT_5,44.18265626,0.431346686
GTAGTCAAGTAGCGGT_4,44.0522287,0.430073347
TACGGTAGTCTAGCGC_4,43.98863105,0.429452455
GATTCAGCAGATGGGT_4,43.95897755,0.429162954
GTAACGTCACTAGTAC_5,43.81301625,0.427737962
GCGACCATCCTAAGTG_5,43.79504999,0.427562561
CATCCACCAAGCGTAG_2,43.77273594,0.427344713
CTGCCTAGTGCATCTA_5,43.72554693,0.426884016
GGAATAACAAAGGTGC_5,43.57565831,0.425420683
TGTCCCACACATGACT_3,43.49465793,0.424629892
GTAACGTAGGAACTGC_4,43.48587582,0.424544154
GCGCCAAAGATCCCAT_5,43.47823751,0.424469583
TCGCGTTAGTACCGGA_5,43.46440083,0.424334498
GCACATATCTTTCCTC_4,43.34764759,0.423194659
CTCACACGTTACGACT_5,43.3115167,0.42284192
CTTAACTGTATAGTAG_1,43.29056959,0.422637417
ATCATGGGTACATCCA_5,43.27488386,0.42248428
ACATGGTTCCATGCTC_4,43.21445055,0.421894282
AGTTGGTCACACCGCA_2,43.21258493,0.421876068
CACCACTGTATAGGTA_5,43.17765449,0.421535049
CTCATTATCTCCTATA_5,43.16974634,0.421457843
AGCTCTCTCTCTTATG_5,43.14990556,0.421264141
TCAGGTACATGTCGAT_2,43.13141053,0.421083578
ATCCACCAGCCGCCTA_3,43.03957667,0.420187022
TTGAACGCAATAGCGG_5,43.03815406,0.420173133
TTCGAAGCAAGGTTTC_5,42.91803317,0.419000416
CTTCTCTGTCACTTCC_5,42.8973155,0.418798154
TTCTCAAAGCCTATGT_2,42.79669732,0.417815838
ACAGCTAGTGTGGCTC_1,42.77847311,0.417637919
GCTCCTAGTGATAAAC_1,42.77707897,0.417624308
CATCAAGTCCGTAGTA_5,42.75938475,0.417451563
CCTTCGATCTGACCTC_1,42.67780653,0.41665513
AACGTTGAGAGTGAGA_1,42.67567513,0.416634322
TTCGAAGAGTTAAGTG_3,42.66412439,0.416521554
TGGCTGGGTGGTTTCA_5,42.65449966,0.41642759
AAGGAGCCAAGTAATG_2,42.64270199,0.416312412
CTAGTGAGTGCAGTAG_5,42.63656678,0.416252515
TTTGCGCCAAAGCAAT_2,42.51080441,0.415024721
CGGAGTCCAGCCACCA_4,42.48600126,0.414782573
CCTAGCTCACGTCTCT_3,42.46925138,0.414619047
TACTCATTCCGGCACA_4,42.42112752,0.414149223
CATCAGAGTTACTGAC_4,42.41791293,0.41411784
ATTGGACAGTCGTACT_1,42.39651847,0.41390897
ATGTGTGGTGTGAAAT_2,42.26686663,0.412643204
GGGCATCCACTACAGT_5,42.26274578,0.412602973
ATCACGAGTTAGATGA_5,42.19714358,0.411962511
CTTAACTGTTGAGTTC_5,42.19309768,0.411923012
CACTCCAAGATCGGGT_5,42.12250438,0.411233823
TGTCCCATCCTCAACC_5,42.05324147,0.410557623
TACCTTACAAGGACTG_3,42.0374578,0.41040353
GTTAAGCTCGTTGACA_5,41.9853721,0.409895028
CTTTGCGGTGGTGTAG_5,41.98368937,0.4098786
CTCGAAATCAGAAATG_1,41.94716677,0.409522036
CTGCCTATCAGGATCT_5,41.9205854,0.409262528
AGCGGTCAGATCACGG_5,41.87336445,0.408801519
ACTTGTTAGTACGCGA_2,41.81704282,0.408251662
ACGCCGAGTGTTCGAT_5,41.70560356,0.407163702
GTGTGCGGTCCGAGTC_4,41.69921327,0.407101315
AAACGGGCAAGCTGGA_1,41.69655832,0.407075395
CAGTCCTTCGCGATCG_2,41.62407652,0.406367769
TATGCCCTCTCGGACG_5,41.62284002,0.406355697
AAGGAGCGTACGCTGC_4,41.50788817,0.405233445
GACGGCTGTTGTCGCG_1,41.45597624,0.404726639
CGGAGTCTCAGCATGT_1,41.41468127,0.404323484
CAACCAACATGTCGAT_5,41.39379594,0.404119585
TCGTAGATCACCCTCA_5,41.36998662,0.403887139
TGGCTGGTCAAGGTAA_5,41.30735518,0.40327568
GCATGTACACAACTGT_1,41.21756178,0.402399045
GAATAAGGTAGCTCCG_5,41.21278073,0.402352368
CACACCTCAGGAATGC_3,41.08449182,0.401099909
TACAGTGCAATGGACG_4,41.08427305,0.401097773
ATCCGAATCAACCAAC_4,40.9742414,0.400023555
ACGAGGACAGATTGCT_2,40.88349451,0.399137611
AACCGCGGTTCTGTTT_5,40.86927535,0.398998792
CGTCCATTCTGGCGAC_5,40.86632226,0.398969962
TCAGGTAAGAGGGATA_2,40.86520335,0.398959038
GAACGGATCGCCGTGA_2,40.81874505,0.398505474
TTGCGTCGTTCAGACT_5,40.69706369,0.397317523
CGTGAGCTCACATAGC_1,40.66463829,0.39700096
CTCAGAATCGTAGGTT_4,40.64981267,0.39685622
CGCCAAGAGTTGTAGA_2,40.63901194,0.396750775
ACGCAGCCATCCTTGC_5,40.63757277,0.396736725
GGGCACTTCATGTCCC_4,40.59210781,0.396292859
GAGGTGAAGCCCAACC_5,40.57256077,0.396102025
TATCTCAGTACTCAAC_5,40.53089112,0.395695212
ACGCAGCTCGGTGTTA_2,40.49751731,0.39536939
GTAGTCAGTTGAGTTC_2,40.46131569,0.395015961
ATAACGCCATGGTCAT_4,40.37558939,0.394179032
GGGAGATTCTGTCTAT_5,40.33306859,0.39376391
ATCTACTCACGCCAGT_2,40.32981518,0.393732147
CCATTCGCACATTCGA_1,40.32967086,0.393730738
CACAGGCGTGACTCAT_4,40.23597775,0.392816031
TGCGTGGTCTGTCTCG_4,40.18958938,0.39236315
TCTATTGCAGCTGGCT_2,40.18170558,0.392286182
TATTACCGTACCTACA_3,40.162538,0.392099053
ACATGGTGTGGTTTCA_5,40.16130643,0.392087029
AAAGATGGTCCTAGCG_5,40.0897757,0.391388688
GACTGCGAGGTGTGGT_3,40.07404864,0.391235148
ATGGGAGTCGGTCTAA_4,40.04612359,0.390962521
CACCACTGTCCCTACT_2,40.0249842,0.390756142
TTAGGACCAGGATCGA_2,39.91526289,0.389684954
TTTGTCAAGCGTTTAC_5,39.91240669,0.389657069
AAACCTGAGAGACGAA_4,39.84241084,0.388973713
AGTGTCAAGCCACGTC_4,39.83664573,0.38891743
CGTTCTGAGGCTCATT_5,39.77902774,0.388354916
GATCGCGTCCGTACAA_5,39.76285001,0.388196976
CTGATAGGTACCGCTG_5,39.70959385,0.387677047
CAGCTGGGTAGCGCTC_5,39.70892055,0.387670474
CTGAAGTGTAATAGCA_5,39.64690868,0.387065064
GTCTTCGTCGTTACAG_4,39.62520986,0.386853222
TGTCCCATCAACTCTT_5,39.61648413,0.386768035
GACGTGCAGATTACCC_5,39.59187513,0.386527782
TTAGGACTCAACACAC_2,39.58472866,0.386458012
ATTACTCCATCCCACT_5,39.57457469,0.386358881
GTGAAGGCACCGCTAG_2,39.57447584,0.386357916
AAGGAGCAGATATGCA_5,39.40237988,0.384677777
CTGCCTATCCGTCAAA_5,39.35317288,0.384197378
TATCAGGCACCCAGTG_2,39.33686658,0.384038183
GACCAATGTGTGGTTT_2,39.27148155,0.383399842
GTGCATATCTGCTGTC_5,39.20857195,0.382785667
CAGCATAGTGCACTTA_2,39.19291405,0.382632802
TGGTTCCTCACTATTC_2,39.13270659,0.382045009
ACAGCTATCAGGTAAA_5,39.06831682,0.381416384
GTGCGGTGTCTCCCTA_2,39.02148131,0.380959138
TAGACCAAGGAATCGC_4,39.01080578,0.380854915
TAAACCGGTAAGGGCT_4,39.00997668,0.38084682
ACACCAAAGTCTCCTC_5,39.00993177,0.380846382
CAGATCAGTCTGCCAG_2,39.00310336,0.380779718
CAACCAACAGTTCCCT_5,38.99489441,0.380699575
ATGAGGGGTAGAGTGC_5,38.94397051,0.380202415
TGTTCCGCACTGCCAG_3,38.92530464,0.380020184
ATTGGACGTAGCTAAA_2,38.8993438,0.379766733
TCCACACAGCCACGCT_4,38.88011634,0.379579019
GTTCATTAGTAACCCT_5,38.81586685,0.378951764
CGGCTAGAGGAATGGA_5,38.80259833,0.378822226
GCGCCAAAGTGTGGCA_2,38.74697971,0.378279232
TAGCCGGTCACCGTAA_5,38.670674,0.377534274
CATTATCCAGGACGTA_5,38.66320176,0.377461324
TACGGATGTTCAGGCC_1,38.65415668,0.377373019
GACGCGTAGACTCGGA_5,38.48495516,0.375721137
CAGCTGGCACGAGAGT_2,38.47630835,0.37563672
ATTATCCAGTACCGGA_4,38.45121529,0.375391742
TCTCATAAGTAACCCT_5,38.35385554,0.374441237
TTCTACACATATGCTG_5,38.34630975,0.374367569
CATGACATCACCGGGT_1,38.32405281,0.374150279
ACTGATGTCGCTGATA_5,38.22919687,0.373224219
TACTCATCAAGCGAGT_5,38.22775062,0.373210099
TATGCCCCAATCTGCA_4,38.15926766,0.372541514
ACACTGAAGCTAACTC_1,38.13048106,0.372260476
CTCCTAGGTGGGTCAA_4,38.12039414,0.372161999
TACTTGTTCTCGTTTA_2,38.05890383,0.371561681
CGCTATCGTCTCATCC_2,38.04423694,0.371418491
ATAACGCAGTACACCT_2,37.97993887,0.370790761
AGTCTTTTCTCGCATC_5,37.97250328,0.370718169
TTGACTTTCGTCGTTC_4,37.93512136,0.370353217
TACAGTGGTACTCTCC_4,37.92680929,0.370272068
AACCATGGTACTTCTT_5,37.91719491,0.370178204
CAGCATATCATAGCAC_5,37.83426079,0.369368535
ACTATCTAGACTTGAA_4,37.80798351,0.369111995
GCGACCAGTCTCCCTA_5,37.7576967,0.368621054
TCAACGATCTGTCAAG_1,37.74531014,0.368500127
GGGTCTGAGGTAAACT_5,37.7156213,0.36821028
TAGACCAAGGTGCTTT_2,37.64808026,0.36755089
CATCCACTCTGTCAAG_5,37.64339709,0.367505169
CGCTTCACACGCCAGT_2,37.61600919,0.367237787
GATCTAGCAAGCCATT_2,37.59573691,0.367039872
AAACGGGCAGTTCATG_1,37.55975724,0.36668861
CCATGTCGTACCGAGA_2,37.55843653,0.366675716
CAGCAGCAGTCGATAA_5,37.55798091,0.366671268
CGCGTTTGTGCGGTAA_5,37.52788081,0.366377407
ATCCGAATCGCACTCT_2,37.43814781,0.365501361
ACTGTCCGTCTCAACA_5,37.41770515,0.365301783
TGCCCATTCCTTTACA_5,37.32920039,0.364437728
TGACTAGCAGCGTCCA_5,37.22571885,0.363427458
GTGCAGCTCCCACTTG_4,37.22521879,0.363422576
CCGTGGAAGCCGCCTA_4,37.15826501,0.362768919
CGTAGCGAGCTAGCCC_4,37.11827677,0.362378522
CGGCTAGGTCTGGAGA_2,37.09255983,0.362127452
CACAGTATCCCAAGAT_4,37.0132808,0.361353467
TCACGAAAGCGTTCCG_1,36.94620468,0.360698615
CTGCGGATCCGAAGAG_2,36.93039512,0.36054427
AGTCTTTCAAACTGCT_5,36.90291561,0.360275993
AACCGCGGTATAAACG_5,36.85964006,0.359853502
GCAGTTAAGACTTTCG_5,36.83028854,0.359566949
TGAGAGGGTTACGTCA_2,36.82810278,0.35954561
CGTCACTCACTCGACG_2,36.82071525,0.359473487
GGGAATGGTAAGTGGC_5,36.81268365,0.359395076
CTCGAGGAGCGTTTAC_4,36.78992204,0.359172858
CATGGCGAGACTACAA_2,36.63734072,0.357683237
GCCAAATGTGATAAAC_5,36.63277998,0.357638711
CTACCCAAGGAGCGAG_5,36.59869798,0.357305975
TTCTCAAGTATAAACG_5,36.56711334,0.35699762
CTTAGGAGTCCAACTA_5,36.5494904,0.356825571
AGCGGTCTCCCTAATT_2,36.53193772,0.356654208
CGTCTACAGATGCCAG_5,36.52669784,0.356603052
GACAGAGCAGACAAGC_2,36.49180496,0.356262399
CGTTCTGAGCCACTAT_5,36.48086513,0.356155596
CGATGTAAGAAACGAG_5,36.36663257,0.355040366
AGATCTGAGATAGTCA_5,36.32515333,0.354635412
CGGAGCTGTGCTGTAT_4,36.27134508,0.354110092
GTCGTAACACAAGCCC_1,36.25093753,0.353910857
AACTGGTTCTGATACG_4,36.23087904,0.35371503
CTAGAGTCAGGAACGT_1,36.22817269,0.353688609
CGTGTCTGTCGACTGC_2,36.17899406,0.353208487
AGAATAGCAAGAAGAG_1,36.14963974,0.352921907
TGGCGCACATCGGACC_5,36.12721797,0.352703007
CCCAATCTCTGGCGAC_5,36.11723597,0.352605555
TGTGGTAGTTCAACCA_4,36.11665446,0.352599878
GACTACACAAGCCCAC_5,36.10219905,0.352458753
GTTAAGCAGACGCTTT_2,36.08817589,0.352321847
TAGAGCTTCAAGGCTT_5,36.02722715,0.351726817
TATGCCCAGGTGCACA_4,35.97036232,0.351171656
AGATCTGAGAGCTGGT_5,35.96671663,0.351136064
CCTCAGTTCCAAACTG_1,35.95023636,0.35097517
TAGCCGGTCGGAGCAA_5,35.94687658,0.35094237
GCTCTGTAGATCTGCT_4,35.94176465,0.350892463
CACACCTCATAGACTC_5,35.83287943,0.349829438
TGGTTAGAGCACCGCT_4,35.79000486,0.349410861
CTCTAATTCCACGACG_2,35.78228871,0.34933553
AAGACCTGTTCCCGAG_5,35.72814466,0.348806932
TAGCCGGCAGCCAATT_2,35.7115779,0.348645194
CTGTTTAAGGGCTTCC_1,35.70475782,0.348578611
CCACCTACACCGAATT_5,35.69564929,0.348489686
CGCGGTACACTTAAGC_5,35.6896606,0.34843122
ATAGACCAGGCCCTCA_4,35.6252717,0.347802604
GATCTAGAGCGGATCA_2,35.60248333,0.347580125
TACAGTGTCAGCTCTC_2,35.59093281,0.34746736
CAGTCCTCACAGGCCT_4,35.58930239,0.347451442
TGAGCATCAACCGCCA_2,35.5757232,0.347318871
CAAGATCCACGCGAAA_5,35.56852582,0.347248605
ACTGCTCGTGTCGCTG_4,35.52869306,0.346859725
TTAGGACCAAGCCGTC_5,35.49174766,0.346499034
CGTCACTTCTCTAGGA_5,35.49003748,0.346482338
CGTTGGGTCTGTCTAT_5,35.46236096,0.346212138
TTTGTCAGTTAAGACA_2,35.43718965,0.345966395
GGCTGGTTCTATGTGG_4,35.42133618,0.345811621
GACTGCGGTGTTCGAT_4,35.37231218,0.345333009
CTCTGGTCACACCGCA_4,35.3540861,0.345155071
TTCGGTCCAGGACGTA_4,35.33714666,0.344989695
GCTCCTAAGTCTTGCA_2,35.3291718,0.344911838
AGCGGTCGTGCGATAG_1,35.30204927,0.344647046
CCAATCCAGGACACCA_5,35.23294621,0.343972406
CTGAAACCAGATGGCA_2,35.22631682,0.343907685
AGAATAGCACATAACC_1,35.17906283,0.343446353
AACTGGTAGTAGCCGA_4,35.16925365,0.343350588
ATGGGAGCAAGGTGTG_4,35.02588161,0.341950875
CGTGTCTTCCAAGTAC_5,35.02028869,0.341896272
CCTCAGTGTATCTGCA_5,34.99706937,0.341669586
GAACCTAAGTTGTCGT_5,34.96413562,0.341348061
AGGCCGTTCGCCATAA_4,34.94834255,0.341193876
CCTTCGAGTACGACCC_4,34.75648221,0.339320781
GGGATGATCGGCGCTA_1,34.7426629,0.339185865
TATCTCACACCACGTG_2,34.72120274,0.338976354
CCGTGGATCGCGTAGC_2,34.71563029,0.338921951
AAGACCTAGTGGGTTG_5,34.70181266,0.338787052
GATCAGTTCACATAGC_5,34.69491123,0.338719675
GTCTTCGGTCTAGAGG_2,34.67060693,0.338482397
TTGAACGCATCGATGT_5,34.53691788,0.337177217
TCAGGTAAGTACGCCC_5,34.52698065,0.337080202
TGAGCCGTCAAACCAC_4,34.52355038,0.337046712
CCGGGATCACACCGAC_2,34.50702979,0.336885425
CCGTACTGTGCGGTAA_4,34.47603604,0.336582839
TCGCGTTTCCAAACTG_4,34.46698094,0.336494436
CGAACATCAGCTATTG_3,34.46580976,0.336483002
ACATGGTTCATCTGTT_2,34.46531208,0.336478143
TGGCTGGCATTCGACA_2,34.44797748,0.336308909
ACATGGTCAGGGTATG_5,34.41506847,0.335987625
CAAGAAAGTGTTGAGG_4,34.32086948,0.335067978
AACTCAGTCTACTATC_4,34.31325854,0.334993674
CGCTGGAAGCAATCTC_3,34.20453126,0.333932191
AGGTCCGCATGACATC_2,34.19464185,0.333835642
CAGCATAAGCCGATTT_4,34.15299044,0.333429008
CTCATTATCGCCTGAG_4,34.15063905,0.333406052
AACACGTGTGCTTCTC_5,34.14982054,0.333398061
TCGTACCGTAATCGTC_4,34.12052187,0.333112023
GGAAAGCGTCGCATCG_4,34.07484605,0.332666099
GCAGCCATCAACGCTA_5,33.97026642,0.331645109
AAGGAGCTCATCGATG_5,33.92191151,0.331173029
TTCTCAACATGTCCTC_4,33.9075912,0.331033223
CCACTACCACATTTCT_5,33.89758192,0.330935504
GTTCATTCAGCTGCAC_4,33.89729821,0.330932734
GTGTTAGGTAGAGCTG_5,33.83038492,0.330279473
GGGCACTCAATGGACG_2,33.78996147,0.329884827
CTGCTGTCACAGAGGT_2,33.6214631,0.32823981
TTGCGTCCAGGGTTAG_5,33.54739835,0.32751673
CGTTGGGTCCTAAGTG_4,33.53644855,0.327409829
ATCATGGGTTTACTCT_5,33.50918743,0.327143684
GTACTTTCACTTACGA_1,33.47916007,0.326850533
GCAAACTGTGCACGAA_4,33.47014136,0.326762485
GCAAACTTCCTCTAGC_4,33.4238623,0.326310671
GACCAATCATATGAGA_2,33.41254822,0.326200214
CTACCCAGTCTCTTTA_5,33.38982476,0.32597837
TCGCGAGCATAGTAAG_2,33.26513157,0.324761014
CGTTGGGGTTCCAACA_4,33.22814233,0.324399895
TCAGGTACAGACTCGC_2,33.22009024,0.324321284
TTGGCAAGTCGCTTCT_5,33.18544517,0.323983051
ACCGTAACAGGTCTCG_5,33.13373001,0.323478166
CTTAGGATCACCGTAA_1,33.11594354,0.32330452
CTCTGGTGTACAGTTC_2,33.11435925,0.323289053
CTCGTCATCAGTCCCT_4,33.08701852,0.323022131
GGGTTGCCATCCGCGA_5,33.08048301,0.322958326
TGACTTTAGATGCGAC_5,33.04331164,0.322595429
CACAAACCAGCGTCCA_5,33.03608717,0.322524898
TCAGCAATCACATAGC_5,32.97519354,0.321930406
TACTCATGTTACGACT_5,32.97432054,0.321921883
ATTACTCTCGTTGACA_4,32.95492397,0.321732518
CGCGTTTCAGTCAGCC_4,32.91296302,0.321322861
CACACCTGTTCTCATT_5,32.82770297,0.320490484
GGGATGATCATAGCAC_4,32.78140808,0.320038516
GGACATTCATATACGC_5,32.76038646,0.319833286
GGTATTGAGGCCATAG_2,32.72921969,0.319529011
ATAAGAGCACCGTTGG_5,32.64653156,0.318721743
AGAATAGCATAAAGGT_1,32.63324842,0.318592062
TCAGATGAGCTAGTCT_5,32.58550599,0.318125962
CCTATTACATAGTAAG_1,32.51991143,0.317485575
GGCAATTTCGCCAAAT_2,32.48974383,0.317191054
GTTCATTCAAACCTAC_4,32.4466282,0.316770125
GTATTCTGTCGCTTCT_5,32.39652826,0.316281009
GGAACTTCATTTCAGG_2,32.36762219,0.315998805
AGTGAGGTCCAAAGTC_5,32.35651502,0.315890367
CATCGGGTCCGTCATC_5,32.33509948,0.315681292
TCACAAGCAATCTGCA_5,32.25190592,0.314869089
CGATGGCGTCGTTGTA_2,32.21427389,0.314501695
CTCGAAAGTACCTACA_4,32.21067706,0.31446658
CCTTACGGTAGGGTAC_5,32.20738053,0.314434396
GGGTCTGAGTTAAGTG_2,32.18514088,0.314217275
TTTGTCACAACCGCCA_1,32.18295577,0.314195942
TAAGAGAGTGCAACGA_4,32.16788651,0.314048824
GTAACGTAGGGTTCCC_4,32.14947158,0.313869042
CGACTTCAGAATGTTG_5,32.13783083,0.313755396
ACGGGTCGTCGTGGCT_2,32.12828646,0.313662216
GGCTGGTGTCTCCACT_5,32.12466335,0.313626845
ACGGCCACAGCCTTTC_4,32.12289603,0.313609591
GTATCTTGTACTTCTT_5,32.08122005,0.313202716
GGCGTGTTCTTATCTG_2,32.02366405,0.312640808
ACAGCTAGTTCCACAA_2,32.01370561,0.312543586
CGTTAGATCTCCAGGG_5,32.00143684,0.312423808
CTCAGAACATGCATGT_1,31.97846813,0.312199569
GCTGGGTGTATAGGGC_5,31.97210977,0.312137494
GTGCAGCCATGAACCT_2,31.97111035,0.312127736
CGACTTCGTCAAACTC_2,31.93679339,0.311792707
CCCAGTTAGAGACTTA_5,31.87626694,0.311201799
GAAATGACATCTGGTA_5,31.81906938,0.31064339
GGCTGGTTCAGGCCCA_4,31.73723108,0.309844419
CAGCTAAGTCCCTACT_4,31.67210791,0.309208634
CCACCTAAGGAGTCTG_5,31.66981403,0.309186239
TTCTCCTTCCCAGGTG_5,31.66116948,0.309101844
CGCGTTTCACGCATCG_2,31.65570154,0.309048462
GGGACCTGTGTTCGAT_5,31.64248772,0.308919458
CTTCTCTCACGGATAG_4,31.64103185,0.308905244
GCTGCTTGTTCCACAA_2,31.62272156,0.308726484
AACACGTTCCTCAATT_5,31.59842297,0.308489262
TCAACGACATATACCG_4,31.59761815,0.308481405
TTCTCAATCCTAGGGC_5,31.57745426,0.308284549
AGAATAGCAAGCGATG_5,31.52685953,0.307790602
GAACGGAGTACGACCC_2,31.51287067,0.307654032
CTTTGCGAGTGCCATT_1,31.45711131,0.307109664
AAACCTGTCAGAAATG_4,31.40698961,0.306620335
CTGATAGAGACAATAC_1,31.39114626,0.30646566
TCAACGACAAAGTGCG_1,31.37848378,0.306342038
TTCTTAGAGCCTATGT_1,31.3682581,0.306242207
TTGTAGGAGAGGGCTT_5,31.36224886,0.30618354
AATCGGTGTATCGCAT_2,31.35089734,0.306072717
CATCCACAGCACCGCT_4,31.31278874,0.305700671
AAAGATGGTCATGCAT_2,31.30660843,0.305640333
AGGGAGTCAGTGACAG_4,31.27671378,0.305348478
GATCAGTCACGAGAGT_5,31.26326699,0.305217199
CTCATTAAGGGTCGAT_4,31.2468521,0.305056944
CTACACCAGGGCACTA_5,31.24021027,0.304992101
GCGACCAGTCAATACC_2,31.18224424,0.30442619
GGATGTTCACGTCTCT_5,31.16791713,0.304286317
TGAGGGAGTAGCGCAA_2,31.1449128,0.30406173
GGTGTTACATCTACGA_5,31.13821494,0.303996341
TAGTTGGGTTATGCGT_2,31.1242426,0.303859931
CCGTACTCAAAGTGCG_2,31.0834734,0.303461909
GCTTGAAAGGTGTGGT_4,31.02774557,0.30291785
GCGCCAAAGATCCCAT_2,31.01813643,0.302824037
CTCTACGTCAAGAAGT_5,31.01466436,0.30279014
ATTGGACCACGTTGGC_5,31.01233636,0.302767412
CTAACTTTCTTTACAC_5,30.96503328,0.302305602
ACTTACTTCACCCTCA_2,30.9571173,0.302228319
TTAACTCGTCAGAGGT_1,30.91010746,0.301769372
ACGGGCTCAGGCTGAA_1,30.88281989,0.301502968
TTGGCAAGTCGACTGC_5,30.86878753,0.301365973
TGACAACTCTTGCAAG_5,30.8319106,0.301005951
TCGGTAAAGAGACGAA_2,30.82821658,0.300969887
TTCTCCTGTTACGGAG_4,30.82206858,0.300909865
ACCTTTACAGACGCTC_5,30.80885051,0.30078082
CATTCGCGTAAGGGAA_4,30.79166335,0.300613025
GATCGCGCATCGTCGG_5,30.78407101,0.300538902
AGGTCCGGTAGCGCTC_5,30.77329831,0.30043373
AACTGGTGTCTGCAAT_5,30.74216224,0.300129755
TGCGGGTTCCGGCACA_5,30.73976723,0.300106373
GGAACTTCAGCCTTGG_5,30.71535034,0.299867996
TTTATGCAGACGCTTT_4,30.67568633,0.299480764
TTTGTCACAAGGTTCT_5,30.67499186,0.299473984
ACAGCTATCCAAAGTC_5,30.66922293,0.299417663
TCGGGACCATCCTTGC_5,30.65830773,0.2993111
CTGTGCTAGGACAGCT_3,30.65779578,0.299306102
GTACGTATCCGTTGCT_5,30.65394315,0.299268489
GTAACTGAGCCGTCGT_2,30.64446573,0.299175963
AGACGTTTCAACACAC_4,30.57711722,0.298518453
TACGGTACAGTAAGAT_2,30.57263725,0.298474715
ATAGACCAGAGCTGGT_2,30.50667674,0.297830756
CGTCCATGTAGGAGTC_5,30.50513829,0.297815736
CTCCTAGAGGGCTTGA_1,30.47961958,0.297566602
CTCTACGCAGCTCGCA_2,30.470339,0.297475997
GCGCGATAGTAATCCC_5,30.44098621,0.297189432
GGATGTTGTGTGAATA_4,30.43357538,0.297117081
TCAGGTACATCCTAGA_5,30.40607769,0.296848627
ACTTGTTTCGGCGCAT_4,30.40318152,0.296820352
TTTCCTCAGTACATGA_1,30.38601259,0.296652735
TCATTACGTACCGGCT_1,30.38571559,0.296649836
ATAAGAGAGCCGTCGT_4,30.36107302,0.296409255
CAGTCCTCACGAAACG_1,30.34702083,0.296272066
TTGGAACTCACTTATC_5,30.343347,0.296236199
GGGTCTGCAGTTCCCT_5,30.3297916,0.296103861
ATCATCTTCTACCAGA_5,30.32289493,0.29603653
CGCGGTACATTATCTC_2,30.31116849,0.295922047
AATCGGTTCTGTACGA_2,30.26680681,0.295488952
CACCAGGAGAGTCGGT_5,30.18961235,0.294735318
CAACCAACACGAAATA_5,30.15966813,0.294442978
TATCTCAGTTCAACCA_5,30.14023152,0.294253222
GAAACTCTCCTTGCCA_5,30.13509177,0.294203044
CACATTTAGATGCGAC_2,30.09487567,0.293810422
CTTACCGCAAGGTTCT_2,30.0834949,0.293699314
GCAATCAAGAGACTAT_4,30.01004059,0.292982194
GTGCTTCGTCAAGCGA_4,30.00259525,0.292909506
ATTGGACTCTAACTCT_4,29.99175375,0.292803663
CTCGGGATCCTGCCAT_1,29.98414886,0.292729418
GGACAAGTCCTTGACC_2,29.98287153,0.292716947
GATCAGTTCCGCGCAA_5,29.96565189,0.292548835
TTAGGCATCTGCGACG_2,29.89745876,0.291883079
TGAGAGGTCCATGCTC_5,29.87092381,0.291624024
AAGCCGCTCGCCGTGA_2,29.83630774,0.291286074
CACAGTACATCGGTTA_5,29.81850775,0.291112296
GCTCTGTTCGCATGGC_4,29.796867,0.290901021
CTCTACGGTAACGACG_2,29.79230647,0.290856498
GTCCTCATCTTACCTA_5,29.76357892,0.290576036
CGGACACAGACTACAA_5,29.71128848,0.290065535
TAAACCGCAAACTGTC_2,29.69524761,0.289908931
CCTAGCTCAGTATCTG_2,29.69450733,0.289901704
TTGGCAATCGTACGGC_5,29.66784271,0.289641382
TCGGGACTCGGCGGTT_1,29.66079269,0.289572554
TCATTTGAGTAGATGT_4,29.65276789,0.28949421
CTGTGCTCAGGAATCG_4,29.64262653,0.289395202
CGGTTAAAGATGTTAG_2,29.62875955,0.289259821
CCTATTAAGGTGACCA_4,29.62789364,0.289251367
AGATCTGAGAACAACT_5,29.59557171,0.288935814
CGAATGTTCTGCAAGT_3,29.58090957,0.288792671
CCTTACGTCTGGGCCA_2,29.56976158,0.288683835
TGGTTAGGTCGTCTTC_2,29.55602396,0.288549717
TGCGGGTGTCCGTTAA_2,29.55213253,0.288511726
AGCAGCCGTCTCTTAT_5,29.52762677,0.288272481
ACTTGTTAGGCGATAC_4,29.51854019,0.288183771
GCCAAATAGAGGGATA_4,29.48414461,0.287847973
CCACGGAGTCGCTTCT_5,29.45632903,0.287576415
GAACCTATCGAATGCT_5,29.45607055,0.287573892
CACCAGGCAACTGCTA_2,29.42446047,0.287265289
GATCGATGTTCCCTTG_2,29.42386847,0.287259509
GATGAAATCAGATAAG_2,29.38897495,0.28691885
GCGAGAAGTAAGAGGA_5,29.30865079,0.286134661
CGAGAAGTCGAACTGT_2,29.30430195,0.286092204
TTCGGTCCAGTCTTCC_1,29.27303854,0.285786986
CGTGTAAAGGACCACA_5,29.18202784,0.284898466
TTATGCTAGCCGTCGT_5,29.17511462,0.284830974
CGGCTAGTCTTCAACT_5,29.15713621,0.284655454
TACGGGCCAAACTGTC_5,29.13111017,0.284401367
CAAGAAAGTCACAAGG_5,29.12781681,0.284369214
TGCGGGTTCAACACGT_5,29.12600857,0.284351561
CACATTTCAACACCTA_3,29.12515291,0.284343207
GATCGCGCAATGGATA_2,29.10577627,0.284154037
TATTACCAGCAGATCG_5,29.10264195,0.284123437
TTATGCTAGCGTAGTG_2,29.06395185,0.283745713
ATTCTACGTAGAGCTG_5,29.0347786,0.2834609
TTAGTTCGTCCGTCAG_1,29.0279629,0.28339436
GATCGCGGTGTAATGA_2,29.02204099,0.283336546
GGACAGACAAGTACCT_2,28.98335593,0.282958871
GAATAAGTCATGCAAC_5,28.96375009,0.282767463
ACTATCTAGTCATGCT_5,28.94725115,0.282606387
TCCACACAGCAATCTC_5,28.90033572,0.282148361
GGTGAAGTCATGTGGT_2,28.87849529,0.281935137
ACGGGTCAGAAGGACA_5,28.86492487,0.281802651
CGTGTAATCTTACCGC_5,28.84883439,0.281645563
AGCAGCCTCCGTAGGC_4,28.83208345,0.281482027
TTCGAAGGTTCATGGT_5,28.83078835,0.281469383
CGGGTCATCTTTAGGG_5,28.82759379,0.281438195
ACGGAGATCTATCGCC_5,28.79633628,0.281133034
AGACGTTTCCGTAGTA_3,28.72959027,0.280481406
GATGAAAAGCTAAGAT_5,28.72434444,0.280430192
TTCTCAAGTCGTGGCT_5,28.68705345,0.280066127
CGAGCCATCAGATAAG_5,28.63448314,0.279552894
CCACGGATCCGATATG_2,28.62263762,0.279437248
CCTACCACAGACGCTC_2,28.5919782,0.279137926
ATTCTACGTTATTCTC_5,28.58186488,0.279039192
GGATTACCAGGGCATA_5,28.56940208,0.27891752
AGCGGTCCAGACAAAT_1,28.54867535,0.278715169
CGAACATCAGGATCGA_5,28.54326609,0.278662359
GCTTGAAGTTAAAGAC_2,28.54194817,0.278649493
GACGCGTGTGGTAACG_5,28.53876241,0.278618391
CTGAAGTAGGCACATG_5,28.51116299,0.278348943
TCAACGAAGCGTTCCG_2,28.49935068,0.278233622
CGATGTAGTACCGTTA_5,28.48591288,0.278102431
CTACCCATCGGAGGTA_5,28.41716129,0.277431223
CGATCGGCAATGTAAG_5,28.4132356,0.277392897
AGATCTGCAGCCTTGG_4,28.38203391,0.277088281
TTGGCAAGTAGCGCAA_4,28.38044586,0.277072777
TAGACCATCCTCCTAG_5,28.37535964,0.277023121
GGTGAAGCAGATTGCT_2,28.37081183,0.276978722
ATCATCTTCGCCAAAT_5,28.30596068,0.276345593
TACTCGCTCACCTTAT_2,28.29806539,0.276268512
ATTTCTGTCGAGAACG_1,28.20441438,0.275354216
TCAGCAAGTGTTAAGA_1,28.15686064,0.274889958
TGCGGGTTCCAGAGGA_4,28.1511042,0.274833759
TACCTTAGTTCTCATT_5,28.0847932,0.274186378
GACCAATTCAACGGGA_4,28.06116688,0.273955718
GTGCTTCTCACTTACT_4,28.04731249,0.273820461
TACTTGTGTAGAAAGG_5,28.0107919,0.273463917
CACCAGGCAGATGGCA_5,27.9889182,0.273250369
GTAGGCCTCAGCGACC_2,27.96325622,0.272999836
GGAGCAATCGGTCTAA_5,27.91720087,0.272550206
GCATGTAGTGACGGTA_4,27.85485689,0.271941554
GCGCCAACAGGTCCAC_2,27.84191177,0.271815173
ACCGTAACATGTAAGA_2,27.83489485,0.271746668
CTCGTACAGCAGCGTA_4,27.82135846,0.271614515
GCATGCGCACAGGTTT_5,27.80340765,0.271439265
CGGACTGCAGTAACGG_5,27.75797391,0.270995704
CTAGCCTCAATCACAC_2,27.75712114,0.270987379
GTGCGGTTCGGCGCAT_2,27.75486015,0.270965305
TCGAGGCAGAAACCAT_4,27.74175031,0.270837316
TCACAAGTCGTGGTCG_5,27.74043299,0.270824456
CCCAATCTCGAGGTAG_2,27.72590404,0.270682612
GTGTTAGTCATTGCCC_5,27.70709463,0.27049898
GCTCTGTGTCCGACGT_5,27.70617761,0.270490027
AGCATACTCATCTGTT_2,27.66901807,0.270127246
GGGCATCCACAACTGT_5,27.63607683,0.269805647
GTACGTAGTCGCCATG_4,27.61160919,0.269566774
GTAACTGTCATCGATG_4,27.60246846,0.269477535
CCACGGATCAGCCTAA_5,27.5670205,0.269131463
ACAGCTACATCCGCGA_4,27.531149,0.268781257
TATGCCCCAAAGCAAT_4,27.51135513,0.268588013
TTTCCTCCACGAGAGT_5,27.51109029,0.268585428
CTCGGAGTCCTCAATT_5,27.50665951,0.268542171
GTCCTCATCTATCCTA_1,27.49263444,0.268405247
AGGCCACTCAGCCTAA_5,27.48103882,0.268292041
ACGGCCATCCTCATTA_2,27.43051963,0.267798832
CCTTACGCATGATCCA_5,27.42279045,0.267723373
GGGTTGCAGGATGCGT_5,27.4205031,0.267701042
AGATTGCGTTGAACTC_2,27.34931445,0.267006041
GTTCATTGTAGGCTGA_5,27.31341096,0.266655523
CTTCTCTTCGTAGGTT_5,27.30298611,0.266553747
CATCGGGTCAAGAAGT_5,27.27631255,0.266293338
CTGGTCTAGTTCGCAT_2,27.25788259,0.26611341
GACTAACAGCAATCTC_2,27.23880904,0.265927199
ACGATACGTCATGCCG_5,27.09615154,0.264534461
TCGCGTTAGTGTACTC_1,27.04642317,0.264048973
CAAGGCCTCCTATTCA_1,27.03493379,0.263936804
TAGTGGTTCGTCGTTC_5,27.02513377,0.263841128
GTGTGCGAGCATCATC_2,26.9578572,0.26318432
CAGAGAGTCCCAAGTA_5,26.93301762,0.262941816
CATCAAGAGGCATTGG_5,26.8111367,0.261751917
GGAATAAGTGATGTCT_2,26.79950618,0.26163837
ACTTGTTTCCGAGCCA_2,26.77479218,0.261397092
GCATGATTCCCACTTG_5,26.75233036,0.261177802
GTTCATTTCCTGTACC_2,26.64904342,0.260169431
TCTCATAGTAGCTCCG_4,26.64730547,0.260152464
CGTGTAAAGAAAGTGG_3,26.64373907,0.260117646
CGAATGTGTACAGCAG_2,26.62735692,0.25995771
CGACTTCGTATAATGG_5,26.60945372,0.259782925
ACGGAGAAGCGTAATA_2,26.59898249,0.259680696
GTTAAGCTCATAACCG_5,26.53503525,0.259056392
CAGAATCCAGTCAGAG_2,26.52772399,0.258985013
CACCACTTCTGCTTGC_4,26.48617832,0.258579411
TAGTTGGGTCACTGGC_2,26.43651006,0.25809451
CGTGAGCAGATCGATA_2,26.37239945,0.25746861
TGATTTCAGCCAGTAG_5,26.32403277,0.256996416
GAAGCAGCATCTCGCT_5,26.2962833,0.256725503
ACGGGTCCATGAACCT_5,26.24915192,0.256265368
GCGCAACCATTGGCGC_5,26.18975482,0.255685486
TCCCGATAGGGATGGG_2,26.18916423,0.25567972
GCAAACTAGTGCCATT_5,26.18041495,0.255594303
TTATGCTGTTCCACGG_5,26.09758607,0.254785661
CCTACACGTAGCGTGA_5,26.08162197,0.254629806
AGGGTGAAGTCCGTAT_4,26.06988224,0.254515193
GCATGCGAGCGCCTTG_5,26.06642518,0.254481443
GATCGCGTCAGCACAT_5,26.05838709,0.254402969
TGTTCCGAGCCCAGCT_5,26.04339827,0.254256636
GGCCGATCAGCCTATA_4,26.03819163,0.254205804
CGAGCACGTTCTGAAC_2,25.94473678,0.253293423
AGTCTTTGTGTGAAAT_5,25.88769913,0.252736575
GAACGGAGTCATATCG_5,25.8763883,0.25262615
TCTCATACACTAGTAC_4,25.86062527,0.252472258
TACCTATCATTATCTC_5,25.83955345,0.252266538
CACACAATCTCCAACC_4,25.80825995,0.251961026
TCATTACGTGTGGCTC_5,25.80351815,0.251914733
ACGAGGACAGTACACT_2,25.79434662,0.251825193
CGTTGGGCAACTGGCC_2,25.7759356,0.25164545
CGACCTTTCAGTTTGG_2,25.76259058,0.251515165
TGCCCTAAGCTGTCTA_4,25.74351949,0.251328977
CTGCGGATCTTGTACT_4,25.73331965,0.251229398
ACGAGGATCAAGGCTT_5,25.72771219,0.251174654
TTTACTGTCACCTTAT_4,25.72604465,0.251158374
TGCTGCTGTATCAGTC_5,25.72467351,0.251144988
GCTCTGTCATGGGACA_5,25.70090468,0.250912937
CTTTGCGTCACGATGT_4,25.67670689,0.250676699
CTGGTCTAGATCACGG_2,25.67388655,0.250649164
TCGAGGCCATGTCCTC_4,25.61963272,0.250119495
GTCAAGTGTCTTGATG_5,25.60248015,0.249952038
GGCGACTGTCGAGATG_5,25.55467195,0.249485296
GGTGCGTGTGACGCCT_5,25.48683589,0.248823025
ACGCCGACACGGTTTA_1,25.4614326,0.248575018
AGCCTAAGTACCATCA_5,25.39100009,0.247887399
TTTGGTTCACGCCAGT_5,25.37373905,0.247718883
CCTATTAGTCGGCATC_5,25.35687937,0.247554285
TGTATTCAGCGATATA_2,25.32280484,0.247221622
CCTATTACACCTTGTC_2,25.2969039,0.246968756
TTGACTTCACTCAGGC_1,25.28554831,0.246857894
GCATACATCCGTACAA_4,25.21950098,0.246213086
CATGGCGCACTCGACG_4,25.19817913,0.246004925
ATCTACTGTTACTGAC_2,25.16704853,0.245701003
ACTGATGAGTGTACTC_5,25.15432972,0.245576832
GCTGCGACATAGACTC_5,25.15342163,0.245567967
CCCTCCTCAATGAAAC_5,25.14535494,0.245489213
GGAAAGCGTTAAGATG_1,25.12037294,0.245245319
ACTGATGGTAAGGGCT_5,25.11012577,0.245145278
CACAGGCGTCGAACAG_2,25.09915023,0.245038125
CCTTACGGTCGGATCC_2,25.0989901,0.245036562
TCAGGTAAGGTTACCT_4,25.09226558,0.244970912
GAGGTGAGTCTCTCTG_5,25.07620331,0.244814099
ATGAGGGTCGATAGAA_2,25.06704547,0.244724693
CGATTGACAGAAGCAC_2,25.06681454,0.244722438
ACCTTTAAGATGCGAC_5,25.05388981,0.244596257
TTAGGACAGAGCTATA_5,25.05176477,0.24457551
AACTGGTCACTTAAGC_4,25.0460201,0.244519426
TTTACTGTCGCAGGCT_5,25.04137539,0.244474081
GTGGGTCGTTAAGATG_5,25.03567637,0.244418442
CGAGCACGTCCTCCAT_4,25.03287119,0.244391056
GTGCGGTCACGCATCG_4,25.03109727,0.244373738
CACCTTGAGTGCTGCC_2,25.02230607,0.244287911
CTCCTAGTCAGCGACC_4,24.98449566,0.243918775
GCATGCGAGTTTAGGA_5,24.98062606,0.243880997
CCGTACTTCGGATGGA_3,24.97779656,0.243853373
AGAGTGGCAAGCGTAG_5,24.95420471,0.243623051
AGCGTCGAGGGTGTTG_5,24.94977612,0.243579815
GAAACTCCAACGCACC_2,24.89208,0.243016539
ACAGCCGAGCCCGAAA_3,24.8891639,0.24298807
AAGGTTCTCTGGTATG_5,24.88726551,0.242969536
ACGTCAACACTGTCGG_1,24.79915737,0.242109354
TTTGGTTCATCCTTGC_1,24.77379635,0.241861759
CCACTACTCCATGCTC_5,24.76078823,0.241734763
GAACGGAAGCCTCGTG_3,24.74390792,0.241569964
TTTACTGTCAGTGCAT_1,24.73726795,0.241505139
ACTTGTTCAGTAGAGC_5,24.714188,0.241279814
CTCGGGAGTCCGAACC_4,24.70172638,0.241158154
TGGCGCAGTTTCGCTC_5,24.68648379,0.241009343
TGCGGGTTCCGAGCCA_2,24.68571681,0.241001855
AGGCCACGTCATGCCG_4,24.66445521,0.240794283
GCGCGATAGTCTTGCA_5,24.63517111,0.240508387
ATTTCTGTCGGCCGAT_2,24.61933527,0.240353785
CATCGGGCATCCTTGC_5,24.56547435,0.239827952
GGGCATCGTCCCGACA_5,24.56035155,0.239777939
CGTTGGGCAAAGGAAG_5,24.55943558,0.239768996
CTGTGCTCAAATCCGT_2,24.53796843,0.239559417
TTGCGTCGTCATCGGC_1,24.52566795,0.239439329
CACCAGGGTATTCTCT_2,24.49934317,0.239182326
ATGAGGGTCAGCTCTC_5,24.46598442,0.238856651
CCTCAGTTCCAGTATG_1,24.42674934,0.238473606
AACGTTGCAAAGGTGC_2,24.4037403,0.238248973
AGATTGCCACACGCTG_5,24.40000307,0.238212488
AGATCTGCATTTCACT_5,24.37005401,0.237920101
CTTAGGAGTAAGCACG_1,24.36835209,0.237903485
TTCGGTCGTGTGACCC_5,24.36788613,0.237898936
TTCTACAGTCTTTCAT_5,24.35062801,0.237730448
AACTCCCTCTATCCCG_2,24.2996103,0.237232373
AGTAGTCCACGAGGTA_3,24.28746839,0.237113833
CCTCAGTCATGGATGG_2,24.28650349,0.237104413
TTTGCGCTCACATACG_2,24.28264302,0.237066724
CACACCTGTATAGGGC_5,24.28154707,0.237056025
ATGCGATCATGACGGA_4,24.25189362,0.236766524
CGGACTGAGGAATTAC_2,24.21571195,0.236413289
TCAGGATAGGCAAAGA_4,24.18854684,0.236148082
CCACGGATCCTTAATC_4,24.15290949,0.235800161
GTCATTTGTCTAGAGG_5,24.12563737,0.235533909
CAACTAGTCTCTAAGG_2,24.11167988,0.235397644
AAGGCAGTCCTAAGTG_5,24.10876616,0.235369198
GGCTCGACATTCCTGC_2,24.10416517,0.23532428
CACAGTAGTAGGGACT_5,24.09954295,0.235279154
GAACCTATCGCGATCG_2,24.07985263,0.235086921
ACTTACTGTTATCGGT_5,24.07519425,0.235041442
ACTGCTCAGTACGCCC_2,24.06877219,0.234978745
GTGTTAGTCATCATTC_2,24.03984365,0.234696321
AGTGAGGTCGTTGACA_1,24.02986273,0.234598879
CATGGCGGTAGAGGAA_5,24.02060128,0.234508462
TGTATTCAGGCACATG_4,23.97226957,0.234036609
CTGATAGAGTACGCCC_5,23.94908147,0.233810228
ACACCCTCAGCTGTGC_5,23.91769115,0.23350377
CAACTAGTCATACGGT_5,23.91064481,0.233434978
TCTCTAATCCGCATAA_5,23.90180465,0.233348673
TGAGGGACAAGGACAC_5,23.86820366,0.233020633
CGTTGGGGTTCCCGAG_2,23.84742098,0.232817736
CTGTTTAAGATTACCC_5,23.82913975,0.23263926
CTCGTCAGTCCATGAT_5,23.82832214,0.232631278
CGCCAAGCACGTTGGC_4,23.82766104,0.232624824
ACGGCCAGTTGAGTTC_5,23.78148845,0.23217405
CGTCCATCAAAGCGGT_5,23.77399299,0.232100873
GAACCTACATACGCTA_5,23.7494627,0.231861388
CTGCCTAAGAAACGAG_5,23.72409191,0.231613698
GGCGTGTAGTCTCGGC_2,23.71442458,0.231519318
GTGGGTCGTAAAGGAG_5,23.71175633,0.231493268
ACGATACAGACACTAA_1,23.7059736,0.231436813
CAGCTAACACCTGGTG_4,23.70516765,0.231428945
GCGCCAAAGAAGAAGC_5,23.67811875,0.231164871
TCGTACCCATGCCCGA_1,23.66579369,0.231044544
ACGGGTCTCCAAATGC_1,23.66114228,0.230999133
CATATGGCACTGTGTA_2,23.65547089,0.230943765
CACCACTAGCCCGAAA_5,23.63401798,0.230734324
TCTATTGAGGGTTTCT_5,23.60544855,0.230455406
TGAGCATAGGTGTTAA_2,23.58737483,0.230278956
AGCTCTCAGTGGGCTA_5,23.58166096,0.230223173
TTGCGTCGTACGAAAT_2,23.58128181,0.230219471
CCTCAGTTCAACACCA_2,23.57554127,0.230163427
CACACTCGTACATCCA_2,23.56707694,0.230080792
GACGTTACACCTCGGA_4,23.55362312,0.229949445
CCACGGAGTTGGTTTG_1,23.53410495,0.229758893
TCTATTGCAGGTCTCG_3,23.51951469,0.229616451
AACTTTCCATATACCG_5,23.50637534,0.229488174
GGTGCGTCATGCGCAC_2,23.50421768,0.229467109
ATAAGAGAGCTGCAAG_4,23.4431768,0.228871179
TACGGATTCTACTTAC_4,23.42159978,0.228660526
GTGAAGGGTGTGGCTC_5,23.42040881,0.228648899
CAAGTTGCACCAGATT_1,23.41804471,0.228625819
CACAGGCTCTAACTCT_2,23.38891601,0.228341441
GCATGTATCGGAAATA_5,23.36487186,0.228106703
AACTCTTTCTGGCGAC_2,23.36174341,0.22807616
TACGGGCAGAACAACT_5,23.35551918,0.228015394
CAGCATACATTCGACA_3,23.34723987,0.227934565
GACACGCGTACGCACC_5,23.32005427,0.227669157
CGTCCATTCCGAACGC_5,23.28208684,0.227298489
GGGATGACAGTTCATG_4,23.23560133,0.22684466
ACATACGAGTCTCGGC_4,23.21302764,0.226624277
AGGTCATGTTTGACAC_4,23.2004174,0.226501166
GGCCGATCATTGGCGC_2,23.1962959,0.226460928
ATTGGACCACGACTCG_5,23.18699288,0.226370105
GGAAAGCGTAATCACC_2,23.13968216,0.22590822
CGTCACTTCGTTACAG_5,23.13799769,0.225891774
CGTGTCTGTCACACGC_2,23.11665277,0.225683388
GTGGGTCCATCCGGGT_5,23.08184201,0.225343537
TCTCATATCATGCATG_5,23.08064704,0.225331871
GTCAAGTGTGGTACAG_5,23.07709019,0.225297146
CATCCACTCAACGAAA_4,23.06417738,0.225171081
GGAGCAATCAGGCCCA_2,23.04600088,0.224993627
TATCTCACAAGTTAAG_4,23.04134977,0.22494822
TAAGAGAGTCATCCCT_1,23.04006226,0.22493565
AGCGTCGGTGCTTCTC_5,23.03626385,0.224898567
TCAATCTGTACAGTGG_2,22.97721935,0.224322127
CTCTAATTCACCTTAT_5,22.95584598,0.224113463
TTGCGTCAGTAGGCCA_2,22.9262874,0.223824888
GACCAATTCTGTTTGT_2,22.91995169,0.223763034
AGAATAGGTTCAACCA_4,22.91716532,0.223735831
GGGCACTGTAGAGGAA_5,22.90516669,0.223618691
GGTGAAGGTCTGGTCG_4,22.89075826,0.223478024
ACGAGGAAGGACAGCT_5,22.85327384,0.223112071
ATTACTCGTCTTGATG_2,22.85087551,0.223088656
CATCAAGCATCCGTGG_5,22.84293005,0.223011086
ACGCCGAAGCGTGTCC_2,22.8372444,0.222955579
AACCATGCAAGAAGAG_2,22.81651101,0.222753162
GGTGAAGGTACCAGTT_5,22.79068779,0.222501055
CCTAGCTGTGAGTGAC_4,22.74118965,0.222017815
GACCTGGTCTTAGAGC_4,22.72037631,0.221814618
CTCTGGTTCCAGAAGG_5,22.70208978,0.22163609
GAATAAGAGGATGTAT_5,22.69878809,0.221603856
CGCTATCTCAGTTGAC_4,22.66960057,0.221318904
ATCATGGGTCTAAAGA_5,22.66264494,0.221250998
TTCGAAGTCTCAAACG_5,22.66050273,0.221230084
GCGCAGTGTGGTAACG_4,22.65782121,0.221203905
CCATTCGAGAGCTTCT_2,22.64176567,0.221047158
AAGACCTAGGCCCTCA_2,22.6369897,0.221000531
AAAGCAATCTAGCACA_2,22.62503416,0.220883811
CGCTTCACACTGAAGG_4,22.61156227,0.220752288
AAGACCTCAATGGATA_2,22.60940609,0.220731237
TTCCCAGGTCTAGCCG_2,22.60697306,0.220707484
GCTTGAAAGCACAGGT_4,22.50320008,0.219694369
TGCTGCTGTGTCTGAT_5,22.47870475,0.219455226
ATTGGACGTTGAGGTG_1,22.47688191,0.21943743
CGTGAGCAGTCGTTTG_2,22.44274441,0.219104152
CATCCACTCAGTTAGC_5,22.44226839,0.219099504
TACTCATAGATGTCGG_2,22.44171597,0.219094111
CAGCTAAGTACCGCTG_2,22.42967566,0.218976564
AAGGCAGAGACATAAC_5,22.41388942,0.218822446
CCACCTAAGAGCTATA_2,22.36662625,0.218361025
TTGTAGGTCAGCTCTC_2,22.34036523,0.218104644
GTACTTTAGGCTCTTA_4,22.3270457,0.217974608
CACAGGCAGCTCCCAG_4,22.29678285,0.217679157
TCCCGATCACGACGAA_5,22.27361739,0.217452998
CTGATAGAGTCATCCA_1,22.26054029,0.217325328
GAACCTACATAGGATA_2,22.25435586,0.217264951
CTGATAGTCACTTACT_4,22.18364172,0.216574583
TTGTAGGTCCTCAATT_2,22.18159811,0.216554631
ACGGCCAAGCACACAG_5,22.14428592,0.216190359
ACGAGGAGTTGTGGAG_5,22.12763437,0.216027794
GTGCGGTTCCTACAGA_3,22.08467676,0.215608407
AACTCCCAGATGTGTA_5,22.0824946,0.215587103
AGGTCATTCAGTTGAC_4,22.06862753,0.215451721
GACCAATGTAAGGATT_5,22.04384623,0.215209786
ACCCACTTCTCATTCA_4,22.04207654,0.215192509
ACTTGTTCAGCATACT_2,22.01330782,0.214911646
CCTCTGAAGAGGACGG_2,21.99154463,0.214699176
TTCTCAATCCTACAGA_2,21.97390677,0.214526981
CTTGGCTTCGTACGGC_2,21.93911738,0.214187339
CAGCAGCTCAGCTCGG_4,21.92729674,0.214071936
GATGAGGAGTCCAGGA_5,21.91451786,0.213947179
GATTCAGTCGTAGGTT_5,21.86466168,0.213460442
ACGATGTCAGGGCATA_2,21.85632257,0.213379029
ACGGAGAGTCTAAACC_5,21.83579194,0.213178593
GACACGCTCGGCCGAT_2,21.83470855,0.213168016
ACGATGTTCGTTGACA_5,21.82107308,0.213034895
AAAGCAAGTGACTCAT_2,21.79552512,0.212785476
CCTTACGCAATGAATG_5,21.75073277,0.212348177
ACGCCGAAGATCCTGT_5,21.74110259,0.212254159
GCAAACTGTAGCTGCC_2,21.72382983,0.212085528
TGACGGCGTAGCTTGT_2,21.68913047,0.211746765
GGCGACTAGTAATCCC_4,21.66831321,0.21154353
ACTGAGTTCACAATGC_2,21.65505657,0.211414108
AGCATACCAAAGGAAG_2,21.64951349,0.211359992
AGAGCTTAGGCCCGTT_5,21.60518334,0.210927206
GTAACTGCACTTCGAA_2,21.57398529,0.210622625
ACGATACGTGCAGACA_2,21.56259213,0.210511396
TGAGGGAAGCGCCTTG_2,21.55071738,0.210395465
CGAGAAGGTGTATGGG_2,21.51857193,0.210081635
CAAGATCCACAACGCC_1,21.49905742,0.209891119
ACACCCTGTTACCGAT_4,21.48807149,0.209783866
ACATCAGTCGTTGCCT_5,21.48421139,0.20974618
TATGCCCCACGAAACG_2,21.47541213,0.209660275
CGGAGTCAGTTCGCAT_2,21.43731499,0.20928834
CTGCTGTTCGGATGTT_1,21.43175178,0.209234027
CAACCAACAGGCTCAC_2,21.41677539,0.209087816
GAGTCCGAGGGTATCG_4,21.40457879,0.208968743
GGCGACTAGGGTGTTG_5,21.39499099,0.208875139
CCTCTGAGTAAAGTCA_4,21.36824847,0.208614057
CGCTATCAGACTCGGA_2,21.36394913,0.208572083
TAGGCATAGAGCTATA_2,21.36171324,0.208550255
TTCTTAGGTGAGTGAC_4,21.34430329,0.208380285
ATTCTACAGAAGGGTA_2,21.31708198,0.208114528
GTGTGCGGTATCACCA_2,21.31427331,0.208087108
CAGCGACGTCGACTAT_2,21.20774059,0.207047049
TGCCCATGTAACGCGA_5,21.13129502,0.206300726
CTTACCGGTCTCGTTC_2,21.11700619,0.206161227
GGTGAAGCAATGGACG_5,21.11466375,0.206138358
TGACTAGCACGCTTTC_5,21.11337848,0.206125811
CCTACCAAGCCCAGCT_2,21.0770264,0.205770912
CGATGGCTCGCTGATA_5,21.03708392,0.205380962
TGCTGCTCAATGGACG_2,21.03507774,0.205361376
CACCACTAGACTCGGA_4,21.03345892,0.205345571
CGACTTCCACAGGCCT_5,21.02454949,0.20525859
ATAGACCCACACTGCG_5,21.01721868,0.205187021
AGAATAGCAAGTTGTC_5,21.00895347,0.205106329
TACTCGCGTAAGGATT_4,21.00465874,0.205064401
ACATCAGAGTGTGGCA_5,20.9976792,0.204996261
TCGGGACCATAGGATA_2,20.98446767,0.204867279
TCACGAACATTCACTT_5,20.96952166,0.204721364
TAGAGCTCAATCACAC_2,20.95881897,0.204616876
CCGTACTCACGGTGTC_4,20.93595756,0.204393685
CGACCTTTCTGCTGTC_2,20.91956814,0.204233678
TGCTACCCACGAAATA_2,20.85918885,0.203644207
GATGAAATCTCTTGAT_5,20.84169854,0.203473452
AGCCTAAGTGACTCAT_3,20.83159076,0.203374772
TCTCTAAGTGCAACGA_5,20.82865661,0.203346126
CGTTCTGCAGCTGTTA_4,20.81697019,0.203232034
ATCACGACAGTAGAGC_5,20.79465447,0.20301417
TCACAAGCATCACGTA_5,20.79232325,0.202991411
GTGAAGGTCGTTTAGG_5,20.76170587,0.202692499
GCGCGATCAAACTGTC_1,20.75970628,0.202672978
TGGCGCACAGCTGTTA_2,20.73586958,0.202440265
AATCCAGTCACAGTAC_5,20.65815831,0.201681585
CACAGGCTCTGCTTGC_5,20.65783299,0.201678408
CGGTTAAAGACGCTTT_5,20.65469443,0.201647767
CTTCTCTTCCCAAGAT_2,20.58350438,0.200952753
GGGAATGTCCGTCATC_5,20.53430163,0.200472396
GCTTGAAGTCGGGTCT_2,20.53392251,0.200468695
GATCGCGAGTGTGGCA_4,20.50416244,0.200178153
CGCTTCAAGACTCGGA_2,20.49515687,0.200090233
TAGAGCTCACGACGAA_2,20.4773861,0.199916741
TGTGTTTAGGCATTGG_5,20.45007903,0.199650147
CGGAGCTGTATATGAG_2,20.43720129,0.199524424
GATGAGGGTGAGGGTT_4,20.3899262,0.199062887
CGAACATCACAAGCCC_2,20.38526178,0.199017349
TAGGCATAGGCCCTTG_2,20.37635998,0.198930442
CGACTTCAGTTCGCAT_4,20.37226353,0.198890449
GGATTACTCTAGCACA_5,20.35248755,0.19869738
GCTTGAAAGCCCAACC_4,20.34612549,0.198635269
GTCCTCAAGGAATCGC_4,20.34120516,0.198587232
ATGCGATCACGAGGTA_5,20.32649555,0.198443625
ACGCCAGAGCAGATCG_5,20.28629372,0.198051143
TACTTACCAAGCGATG_2,20.28584634,0.198046775
ACGGGTCTCGCCGTGA_4,20.28267067,0.198015772
TCAGATGAGCGCTCCA_1,20.28157642,0.198005089
CGAGAAGGTGACCAAG_5,20.27105794,0.197902399
CGATCGGAGTGTCCCG_1,20.25758774,0.197770892
TTCTCAACATGCAACT_5,20.25197353,0.197716081
CATATTCCAGATTGCT_2,20.20513213,0.197258778
GTCGTAATCTATGTGG_5,20.20147455,0.19722307
CGTTCTGGTCAGATAA_1,20.19857288,0.197194741
ACAGCCGCACCAGATT_5,20.18843289,0.197095747
ATCTACTAGTGAACAT_5,20.1811824,0.197024961
ACGAGCCCATGTTCCC_2,20.12445007,0.196471095
AGTTGGTAGCCTCGTG_5,20.11810848,0.196409183
CGTCAGGTCCAAAGTC_5,20.09947358,0.196227254
ATTGGACCAAGCGAGT_2,20.09110945,0.196145597
CTGCTGTCAAGTCATC_4,20.08820623,0.196117253
TTAGGCATCTGCCAGG_5,20.07145477,0.195953712
GCACTCTCAGGATCGA_4,20.07011245,0.195940607
TCTCATATCCTGTAGA_5,20.05395393,0.195782855
CAAGTTGAGGAACTGC_5,19.99844711,0.195240952
CTTAGGACAGTCCTTC_5,19.97194508,0.194982218
AACTGGTTCTTATCTG_5,19.92676389,0.194541123
CCTTCCCTCACCTCGT_4,19.8654618,0.193942643
TTTATGCGTAGCGCTC_5,19.84866491,0.193778658
GTACTTTTCTTATCTG_2,19.83508804,0.193646109
TGGACGCGTAAACGCG_2,19.81903965,0.193489432
GGGAATGTCTTACCGC_5,19.79761999,0.193280316
TGACTAGCAAAGCGGT_5,19.78900178,0.193196178
AACCATGTCAATCTCT_5,19.75516834,0.192865869
CTAAGACTCTCTAGGA_2,19.75070459,0.19282229
GATCAGTCACATAACC_5,19.73976901,0.192715528
CATATGGAGATATACG_2,19.71285962,0.192452817
ATCATGGTCTACTTAC_5,19.70725015,0.192398053
AACTGGTCAATAGCGG_5,19.70000638,0.192327333
GCTGCAGTCGTGGGAA_5,19.696044,0.192288649
ACGGGCTAGCGATCCC_4,19.64611208,0.191801174
TTGCCGTCATGCCCGA_5,19.63807246,0.191722685
ACACCCTTCGGTCCGA_5,19.62639554,0.191608685
CCTTTCTGTAAACCTC_5,19.62495274,0.191594599
GGGAATGTCGGAGCAA_2,19.60642777,0.191413744
AGTGTCACAATACGCT_2,19.60247357,0.19137514
CACAGGCCACCCTATC_2,19.55695504,0.190930751
AATCCAGAGTCCAGGA_5,19.48942941,0.190271511
CAGTAACGTAAGTGGC_1,19.48938996,0.190271126
CTACGTCCACGGCCAT_4,19.43763832,0.189765885
AGCATACAGCCCAATT_5,19.43103143,0.189701383
ATCTGCCCACAACGCC_2,19.3993437,0.189392022
GGCCGATAGAGCCCAA_5,19.37285684,0.189133436
AAAGATGCATCATCCC_2,19.36662899,0.189072635
GCGCCAACATGACATC_2,19.3505149,0.188915316
GGAAAGCTCACAATGC_2,19.34263955,0.188838431
CTGCCTAAGTCGCCGT_2,19.34051521,0.188817691
CGGACTGCAACACCCG_5,19.31546329,0.188573114
CTTAACTCAAAGCGGT_5,19.3100849,0.188520606
TCCCGATTCCCTTGCA_5,19.30851193,0.188505249
CTCGAGGTCTTTAGTC_4,19.26320186,0.188062896
CCGGGATGTACTTAGC_2,19.22373789,0.187677617
TGCTGCTTCATCTGTT_4,19.20739164,0.187518032
GGGACCTAGGGCTTGA_2,19.170134,0.187154292
ACAGCCGAGTTTCCTT_5,19.16319988,0.187086596
GTCGGGTGTATTCTCT_2,19.1573332,0.187029321
CGGTTAAAGCTAGGCA_5,19.08150246,0.186289
CATATTCAGTGATCGG_5,19.0726358,0.186202436
ATGCGATAGCGTCAAG_2,19.07057314,0.186182299
CCGTTCACAGTTAACC_5,19.05192628,0.186000253
GACCAATTCGACCAGC_3,19.04775033,0.185959484
GTCATTTGTCACTGGC_5,19.0395535,0.18587946
CTCGTCAGTGATGCCC_5,19.01627529,0.1856522
CGATCGGCAGTTAACC_2,18.99344709,0.185429332
GTGAAGGGTCTTGCGG_2,18.97097885,0.185209979
AAGGTTCCATTTGCTT_5,18.94063533,0.184913741
ACAGCTACAGCTCCGA_2,18.92954847,0.184805503
CGTAGCGAGGGAGTAA_4,18.92896131,0.18479977
CACACTCGTGTTGGGA_5,18.92524955,0.184763533
CCTTCCCCAGCTCGCA_2,18.92161937,0.184728092
TACGGATGTCCGTCAG_4,18.90765135,0.184591725
CTTGGCTCAAGGGTCA_5,18.90005066,0.184517521
TTGGAACTCTTACCGC_2,18.87423711,0.184265509
AGCTCCTCATGGATGG_2,18.84367481,0.183967135
AGGTCATCACAGGCCT_2,18.81414941,0.183678884
CCTACCATCAAACAAG_5,18.80445995,0.183584288
GACGTTAAGCTATGCT_2,18.77468442,0.183293595
CGTCAGGAGTGGCACA_5,18.77353649,0.183282388
TTTATGCCAAATTGCC_1,18.76848841,0.183233105
ACATGGTAGTCCGTAT_2,18.76224471,0.183172149
ACATCAGCATGGTCTA_2,18.74849753,0.183037938
GAAGCAGCACGAAATA_2,18.74137089,0.182968361
ACTGTCCTCGTCTGAA_2,18.73926784,0.18294783
AGGGTGACATCGATGT_4,18.73263277,0.182883053
CAGCGACTCCCTAATT_4,18.69755933,0.182540638
AATCGGTAGGAGTACC_2,18.68374669,0.182405788
TGACAACTCACAGGCC_5,18.64885003,0.182065098
ATTTCTGTCTCGATGA_5,18.64779752,0.182054823
CTCTACGGTCAATACC_4,18.63429627,0.181923013
TGATTTCCATACCATG_5,18.63246093,0.181905095
TCGTAGATCTCTAGGA_2,18.62274709,0.18181026
TACCTATCAGACACTT_4,18.59433848,0.181532913
CTAACTTCATAAGACA_2,18.55999427,0.181197617
CCGTTCATCGTAGGAG_5,18.44719086,0.180096339
ATTTCTGAGAGACTAT_5,18.43994458,0.180025595
TGCGTGGGTAGCGTGA_5,18.43785277,0.180005173
TCAGATGTCAACGAAA_5,18.41530248,0.179785019
CGCTTCACAGGTGGAT_4,18.40178085,0.17965301
GGATTACAGGAGTAGA_5,18.38958661,0.17953396
CCGGTAGTCTTAGAGC_5,18.38645847,0.179503421
GTTCATTGTCCGTGAC_2,18.37275602,0.179369646
CACAAACCACGCCAGT_5,18.37032235,0.179345887
GCACTCTCACGTGAGA_2,18.3581471,0.179227022
GAACCTATCACTCTTA_5,18.3547309,0.17919367
AATCCAGGTGTGGCTC_5,18.34366123,0.179085599
TAAGTGCGTCCAGTGC_5,18.33104735,0.178962452
AGCAGCCTCGACCAGC_5,18.32769758,0.178929749
GTACGTATCTGCCCTA_5,18.31085202,0.178765289
CTCGAGGGTAGGAGTC_5,18.29908077,0.178650369
TAGTGGTTCTACTCAT_4,18.2356606,0.17803121
GCATACAAGACACTAA_2,18.19770789,0.177660685
CGGTTAATCTACCAGA_4,18.19100418,0.177595238
AGAGCGAAGCCGATTT_4,18.1760517,0.17744926
CGCTATCGTTATGTGC_2,18.15351713,0.177229259
GGGACCTCATAAGACA_4,18.08640336,0.176574041
CGATCGGAGAAGGACA_2,18.08058211,0.176517209
ATCACGACAAGCCGCT_2,18.03949378,0.176116072
GTTCTCGAGGAATCGC_5,18.00704316,0.175799263
ACTGAGTTCGAACGGA_2,17.99580578,0.175689554
AGCGTCGTCAGCACAT_5,17.94579604,0.175201319
CACACTCAGTCTTGCA_2,17.91746806,0.174924758
TGTGGTATCGCCCTTA_2,17.90567737,0.174809648
AGGCCGTTCGCTTGTC_5,17.89893742,0.174743847
GAACGGAAGCTACCGC_5,17.89802955,0.174734984
AGCGGTCGTCGACTGC_2,17.89174058,0.174673586
CGCTATCAGAACAATC_2,17.8873866,0.174631079
AGCATACTCTTGGGTA_2,17.84608238,0.174227834
GGACAGACAAGCCCAC_4,17.801707,0.173794606
CGACTTCTCAGTTTGG_4,17.79526014,0.173731666
GTCATTTCAGGAATCG_5,17.79490662,0.173728215
CAACTAGCACTTACGA_1,17.78116929,0.1735941
CATGACATCACCGGGT_5,17.77787111,0.1735619
CCACTACCACGGCGTT_2,17.77026914,0.173487684
CTTAGGACAATAGCAA_5,17.76238563,0.173410719
AACACGTAGTCCGGTC_5,17.76043235,0.173391649
GGCTGGTTCAACACTG_5,17.75479492,0.173336612
TATTACCGTTCCGGCA_2,17.74327092,0.173224105
CAGTCCTTCAGTCCCT_2,17.74322699,0.173223677
GTGGGTCCAACACGCC_5,17.73553358,0.173148567
GCATGCGTCTCGATGA_5,17.73287453,0.173122608
ATGAGGGCAGGGTACA_2,17.69704941,0.172772854
GATCGTATCCTCGCAT_2,17.67289194,0.172537009
CCTCTGAGTATTACCG_2,17.6148495,0.171970352
GGACAGATCTTACCTA_4,17.6113421,0.17193611
CCCTCCTGTCCTCTTG_4,17.58972645,0.171725081
GGACATTAGCTAAACA_4,17.58696138,0.171698086
GTGTTAGCACGAAACG_2,17.57036563,0.171536065
TTAGGACCAGCGATCC_5,17.54968712,0.171334184
GATCGATCACGAAATA_2,17.50809353,0.170928114
ACAGCCGCACACATGT_2,17.4363811,0.170228
ATAACGCTCCACGAAT_5,17.42917866,0.170157684
TCCACACAGACGACGT_2,17.4203483,0.170071475
CATCGAAAGACACGAC_5,17.41117411,0.169981909
TCTCTAATCCCGGATG_2,17.4075255,0.169946288
TTCGGTCAGCCTATGT_5,17.38518186,0.169728152
GCGCCAACATGGGAAC_4,17.37804645,0.16965849
TGCGCAGGTCTTGCGG_2,17.33489745,0.169237235
GACGTTACAGGGATTG_2,17.31240557,0.169017651
AATCGGTGTACTTGAC_5,17.30534813,0.16894875
CAGCAGCGTGGCGAAT_5,17.30386398,0.168934261
GGATGTTAGCTGCGAA_3,17.26994189,0.168603086
AACGTTGAGCCTATGT_2,17.26237132,0.168529176
GTAACTGCAACTGCTA_5,17.25806709,0.168487155
AGGGTGAGTGTAATGA_2,17.23239612,0.168236534
CAGGTGCTCATCTGTT_5,17.22861876,0.168199656
GGGTTGCCAAACCTAC_2,17.1870107,0.167793445
GCCAAATAGACTACAA_5,17.1510264,0.167442137
TACAGTGAGAGTGAGA_2,17.1444877,0.167378301
CCACCTAGTCCCTTGT_2,17.13033643,0.167240145
GGCGACTAGTGAAGTT_4,17.11845384,0.167124138
CACATTTAGCATGGCA_5,17.10267892,0.16697013
CATATGGTCCATGAGT_1,17.10208435,0.166964326
ACAGCTAAGGACCACA_5,17.0933869,0.166879414
GTGGGTCGTCTGATTG_2,17.09261252,0.166871854
GATCTAGTCAAAGTAG_5,17.0581486,0.166535389
CAGAGAGCAATGTTGC_2,17.0471335,0.166427851
GACGCGTTCTGTCTAT_5,17.03834486,0.166342049
ACGGAGATCCTTCAAT_3,17.03747594,0.166333566
TACTTGTTCTCGTTTA_5,17.02295525,0.166191804
ACGCAGCAGTGAACAT_4,16.98991805,0.165869268
GACGCGTGTATGGTTC_1,16.98108369,0.16578302
GTAGGCCTCAGCGATT_5,16.9629668,0.165606148
CGTCAGGTCGTGGACC_4,16.93788885,0.165361317
GCGCAACGTTCACGGC_2,16.91644163,0.165151932
CCATTCGCATAAGACA_5,16.89084684,0.164902055
AAGTCTGTCAGTTGAC_5,16.86772522,0.164676323
GAAGCAGAGCTTATCG_5,16.83139742,0.164321662
GGTGCGTCATATGAGA_3,16.81345206,0.164146465
ATTTCTGAGTCCGTAT_4,16.79673415,0.163983251
ATTGGACTCCCAACGG_4,16.79389502,0.163955533
CTACATTCATACCATG_2,16.77049698,0.163727103
AAGACCTCAATCGAAA_2,16.71156414,0.163151753
GACTACACAAGGTTCT_1,16.71052824,0.163141639
TTGAACGCAATGGTCT_4,16.69144917,0.162955374
ACACCAATCACGACTA_4,16.67901656,0.162833997
GGAATAATCCTTAATC_5,16.66167133,0.162664659
CTGAAACAGCTAGTTC_5,16.65865344,0.162635196
CTGCGGATCTACGAGT_2,16.65066789,0.162557234
GCGAGAACATCAGTAC_4,16.62013563,0.162259154
ACACCCTCAGGTGGAT_5,16.61744014,0.162232838
CTAGAGTTCGCCATAA_5,16.61622189,0.162220945
TCATTTGCAAGCCATT_1,16.58760639,0.161941577
TCTTTCCCAGACGTAG_2,16.5673432,0.161743752
CTTTGCGGTTCCGTCT_2,16.55762406,0.161648866
ACGCCGATCCGGGTGT_5,16.53357647,0.161414094
TTATGCTCAAACCCAT_4,16.51268678,0.161210152
AGCTCCTTCTGTTTGT_5,16.5086028,0.161170281
CAGGTGCAGACTTTCG_5,16.4598871,0.160694679
GCTTGAAGTCGGCACT_2,16.44170473,0.160517168
GTCAAGTAGTTTAGGA_4,16.41178753,0.160225092
CACAAACGTCTGGTCG_1,16.40197711,0.160129315
GACAGAGTCGGTTAAC_4,16.37120907,0.159828932
CATATGGAGTTTCCTT_5,16.34092865,0.15953331
TACGGTACAAGGTTTC_2,16.31057158,0.15923694
CGGTTAAAGTGAATTG_5,16.21385828,0.158292747
GAACCTATCGCTTAGA_5,16.19750144,0.158133058
CTAGTGACAGACACTT_5,16.18013351,0.157963499
TGCGGGTGTAAGGATT_2,16.16243358,0.157790698
CTTAGGACATAGTAAG_4,16.14026473,0.157574268
CACCTTGGTTCTGAAC_2,16.13208735,0.157494433
CCTAAAGCATGCCACG_5,16.12645035,0.1574394
AGCAGCCTCAGCTCGG_2,16.07925904,0.156978681
GACTACAAGTCCAGGA_5,16.00015836,0.156206436
CTGTGCTAGTCGTTTG_5,15.96487385,0.155861961
ACTGAACAGAGCAATT_5,15.9297108,0.15551867
TCACAAGAGTGGGCTA_2,15.91300642,0.155355589
GTATTCTGTGAGTATA_1,15.91015594,0.15532776
GAACCTAAGCGTTTAC_4,15.89594147,0.155188987
GTCAAGTCAAGCCGTC_2,15.86050471,0.154843025
CTCAGAAAGTCAATAG_3,15.84819896,0.154722886
TGGACGCCAAGGACTG_4,15.84242377,0.154666504
ATTCTACTCGCGGATC_4,15.81970575,0.154444713
ACTATCTGTCTAACGT_1,15.81834065,0.154431385
CCATGTCTCGGTGTCG_5,15.78518384,0.154107682
CATCGAAGTACCGCTG_5,15.77803821,0.15403792
AGCTTGACAAGCGCTC_2,15.76244134,0.153885651
AACTCTTGTCTCCACT_4,15.74371428,0.153702823
AGTAGTCGTTCGTCTC_2,15.74200269,0.153686113
AAAGATGCATGCCACG_2,15.73173335,0.153585855
TACTCATTCGAATGCT_5,15.66809279,0.152964545
CGGACTGTCCCTAATT_4,15.66233272,0.15290831
GGGCACTTCCAGAGGA_5,15.62804171,0.152573534
ACTGCTCTCCTATTCA_2,15.62573077,0.152550972
GCAAACTCACAGCCCA_2,15.62514305,0.152545235
CCGGGATCATTGCGGC_2,15.60489019,0.15234751
CGTTAGATCCGCGGTA_2,15.60174977,0.152316851
CATCAGAGTCCCTACT_4,15.59913382,0.152291312
ATAGACCTCATCGGAT_4,15.59421913,0.152243331
CACACAAAGTAATCCC_2,15.54468684,0.151759756
CACAAACTCCGTCAAA_5,15.509822,0.151419378
CACAGTAGTCTAACGT_5,15.4810222,0.151138211
CTGAAACTCAGCATGT_1,15.46908379,0.151021659
CAGCGACCAGTACACT_4,15.46667507,0.150998143
AATCCAGCAATGGTCT_2,15.4625972,0.150958331
TGACTAGGTTGGTTTG_5,15.44835239,0.150819262
CCGGTAGCATCACGTA_3,15.44101856,0.150747663
GCTGCAGGTGGTAACG_5,15.41809831,0.150523897
AGCTTGAGTGCAACTT_2,15.40499482,0.15039597
GCATGTATCGGCGCTA_4,15.37098173,0.150063907
GCGCAACCACTGTGTA_1,15.35888415,0.149945801
ATCATCTAGATAGGAG_2,15.35823676,0.14993948
CACTCCACAGGTTTCA_4,15.34944019,0.149853601
TCCACACTCTAACTTC_2,15.34475936,0.149807903
AAGCCGCGTTTGTGTG_4,15.32891226,0.149653191
TACGGATTCCTTTCTC_2,15.32788404,0.149643153
GACGCGTAGATCACGG_1,15.32575819,0.149622399
ACGATGTCATGGTTGT_5,15.32495852,0.149614592
ACTGTCCTCGTTGCCT_2,15.31788018,0.149545487
CCGGGATAGCACGCCT_5,15.28598189,0.14923407
TGAGCCGCAAGGTGTG_2,15.27332874,0.14911054
TTATGCTAGCGCCTCA_5,15.2693093,0.149071299
ATCATCTGTCATCCCT_2,15.24256183,0.148810169
AATCCAGCAAGTTAAG_2,15.24092136,0.148794153
CGATTGAAGGTGCAAC_5,15.24083662,0.148793326
TTCCCAGAGCGTGAAC_4,15.22155736,0.148605106
CATCCACAGCGTTTAC_5,15.21995304,0.148589443
TTTATGCGTCTGGAGA_2,15.20857933,0.148478404
CAGATCAGTAAGGATT_2,15.20091069,0.148403537
GTACTTTAGTGCCAGA_5,15.19993133,0.148393975
TTCTCAACAAACGCGA_4,15.18354612,0.14823401
TTCGGTCCAGATGGCA_5,15.18085556,0.148207742
TATCAGGGTTCCCTTG_4,15.14702651,0.147877476
GTCTTCGTCCTTAATC_2,15.07676433,0.14719152
AACGTTGTCGGAAACG_5,15.02989122,0.146733907
TGTGGTACACGGTGTC_5,15.02767409,0.146712261
AAAGCAAAGTGCGTGA_5,14.99090915,0.146353332
ATTTCTGGTGTTCGAT_5,14.99036105,0.146347981
GCGGGTTCAGGCTGAA_5,14.98789356,0.146323892
GTTCATTGTCTCATCC_5,14.97598707,0.146207651
CCTTCGAGTAAGAGGA_2,14.97386562,0.14618694
CGAATGTGTCTAGTCA_2,14.95921809,0.146043939
CGATCGGGTGCACTTA_5,14.89862293,0.14545236
CGAACATTCGTTGACA_5,14.89477956,0.145414838
CTCTACGAGATGGGTC_2,14.8933481,0.145400863
ATCATGGAGAACAATC_2,14.87934132,0.145264117
TCGCGAGGTTTGACAC_2,14.87850612,0.145255963
GTTAAGCTCAACGGGA_5,14.82853386,0.144768094
CTAAGACTCGAGAACG_5,14.8278225,0.144761149
CGCTATCTCGTGGGAA_5,14.79230543,0.144414403
GTGCTTCCATGTCGAT_4,14.7438082,0.143940934
TGATTTCAGCTGAAAT_5,14.69776673,0.14349144
TAGTTGGTCGGCTACG_5,14.63678173,0.142896055
GATGCTACACGGACAA_5,14.61270662,0.142661015
AGCGTCGAGGGTTCCC_4,14.6104595,0.142639076
CTAGTGATCCTACAGA_4,14.58561028,0.142396478
ATTTCTGGTTAAAGAC_5,14.5848484,0.14238904
GTCCTCATCTACGAGT_2,14.58007218,0.142342411
AAACCTGTCCAACCAA_2,14.54907201,0.142039762
ATAAGAGAGCGCCTTG_2,14.5332784,0.141885572
GACGGCTGTACACCGC_2,14.51070592,0.141665202
CCTAGCTAGCCACGTC_2,14.49802187,0.14154137
GAATGAACATTCCTGC_4,14.42604438,0.140838667
CGATTGATCACAGGCC_5,14.41582437,0.140738891
ATTACTCTCTACTTAC_2,14.365757,0.140250094
TACCTTAAGTGAAGAG_5,14.35227408,0.140118462
TTTACTGTCCTCCTAG_2,14.32799519,0.139881432
ACGGAGAAGAACAACT_5,14.325932,0.13986129
CCTACACCAATGTAAG_2,14.2889388,0.139500132
TTGTAGGTCTGTGCAA_4,14.28364676,0.139448467
GTTTCTATCGCCTGTT_2,14.26662169,0.139282255
CTGCGGACAAGGACAC_5,14.20968096,0.138726353
ATCACGATCCAAAGTC_5,14.17621433,0.138399625
CTTAGGATCGGCGCAT_5,14.16020899,0.138243368
GTCTTCGCAAGGACAC_4,14.15323399,0.138175273
AACTCAGTCTAGCACA_5,14.13172009,0.137965237
CCACCTATCGGTGTCG_5,14.12662127,0.137915458
CCTTCGAAGGAGTAGA_2,14.08534303,0.137512466
TCTTTCCGTCCCTTGT_5,14.04903693,0.137158017
CGACTTCGTAGCTGCC_2,14.03825719,0.137052777
CTGAAGTCATATACGC_2,13.99522884,0.136632699
GGATGTTGTAATAGCA_5,13.99233062,0.136604404
CATATGGAGAGGGCTT_4,13.96918001,0.136378389
GCTCTGTCATCTATGG_5,13.93187583,0.136014196
AACCGCGCAAGACGTG_4,13.92621441,0.135958925
TTATGCTAGTCAAGCG_4,13.89232105,0.13562803
GTGCATATCCCATTTA_5,13.89205684,0.135625451
ACTGAACTCGATGAGG_5,13.88815848,0.135587392
ACGAGGAAGGACGAAA_2,13.87118981,0.13542173
CAGAGAGGTGCAGTAG_5,13.84847112,0.135199932
TAGGCATCAATCCAAC_5,13.81370378,0.134860505
CACTCCAGTAGGCATG_3,13.77976549,0.134529172
AACGTTGTCACAATGC_5,13.74026039,0.134143492
CCAGCGACACGAAAGC_2,13.69510705,0.133702668
TTTATGCTCGGAGGTA_4,13.67146234,0.13347183
GCACATACAGACAAGC_4,13.65521136,0.133313174
AATCGGTTCGGTGTCG_4,13.63293267,0.133095672
CGTCCATAGTAGGTGC_1,13.6004232,0.132778288
ACGCAGCTCGCGATCG_1,13.58305082,0.132608685
TGCCAAAGTACTCTCC_5,13.57523861,0.132532416
TTAACTCTCGACCAGC_5,13.55487935,0.132333653
CTGATCCAGACTGGGT_5,13.54337824,0.132221369
CGATCGGGTGATGATA_4,13.52109167,0.13200379
ATAAGAGCAGCTGGCT_5,13.50947429,0.131890372
CTTAGGATCTCCCTGA_5,13.50835204,0.131879415
AGAATAGGTACTTAGC_5,13.50428439,0.131839704
CAGAGAGAGAGCTGCA_5,13.50226176,0.131819957
TGACTTTTCAACGGCC_4,13.49258214,0.131725457
GGCAATTTCAGAAATG_4,13.46923213,0.131497495
GACTAACCATTACCTT_4,13.42411861,0.131057061
GTGGGTCGTTCCCTTG_5,13.39096524,0.130733391
ATCCGAACACAGACTT_5,13.37414429,0.130569171
CGATGGCGTTTCGCTC_2,13.37274845,0.130555544
CACACAAGTTGATTGC_5,13.33619927,0.130198722
CCGTTCACAAGAAAGG_2,13.31338435,0.129975984
ACTTTCATCTATCCTA_4,13.31004406,0.129943373
TTAGGCAAGCAGCGTA_5,13.30796041,0.129923031
TGGACGCTCGTCTGCT_5,13.27559824,0.129607085
AACTGGTAGATAGCAT_4,13.26486036,0.129502254
CACAAACCATTTGCTT_5,13.21183484,0.128984576
CCATGTCTCGGAGCAA_5,13.21136736,0.128980012
ACCTTTATCTGAGGGA_2,13.17527858,0.128627684
GGCTGGTTCATATCGG_2,13.1670643,0.12854749
GCTGCGATCGAACTGT_5,13.16626082,0.128539645
CTTACCGCATAGGATA_2,13.13906378,0.128274126
CACTCCAAGAATCTCC_5,13.12982586,0.128183938
AACACGTAGGATGTAT_5,13.12624311,0.12814896
ACATGGTTCCAAACTG_5,13.11496955,0.128038899
GAATGAACATAGGATA_5,13.10028635,0.12789555
TTTATGCTCTCACATT_2,13.06907744,0.127590863
GCATGCGCATCTACGA_2,13.06902816,0.127590382
ACTGAACCAAGGTTTC_2,13.06677054,0.127568341
CAGCTAATCGGTTAAC_2,13.06339629,0.127535399
AGCTCCTGTCACTTCC_4,13.06115169,0.127513485
AAGACCTTCTTGCAAG_2,13.04020109,0.127308949
CACTCCAAGAAGAAGC_5,13.03401634,0.127248568
GTCACAACAATGGAAT_2,12.97561434,0.126678401
GGGATGACATCACGAT_5,12.97363557,0.126659083
TCGCGTTTCGTCGTTC_5,12.96876345,0.126611517
ATCATGGCACATCCGG_2,12.96445978,0.126569501
TGACTTTTCGCTTGTC_2,12.9560427,0.126487327
TAGCCGGCATTGTGCA_3,12.95119847,0.126440033
TGCACCTTCAAGGTAA_2,12.94977752,0.126426161
AAGGCAGTCGCTGATA_4,12.92200768,0.126155049
CCTCAGTTCGTGGACC_5,12.91253677,0.126062587
CTTGGCTTCTTGAGAC_2,12.87097801,0.125656857
CAGCCGAGTCCGAACC_5,12.86747275,0.125622636
TGCGCAGAGGCTAGCA_5,12.82566116,0.125214437
AGTGTCATCCTTGACC_5,12.81422596,0.125102798
TTCTACAAGATATACG_2,12.81082618,0.125069606
GACGTTAAGCCGTCGT_4,12.80079321,0.124971656
AATCGGTGTATGGTTC_2,12.76600396,0.124632015
AACTTTCCAGTTCCCT_5,12.75900769,0.124563712
GGAATAAAGCTCCCAG_5,12.75667862,0.124540974
CCTACCAGTGACGCCT_5,12.75193711,0.124494684
CTGATAGGTTGCTCCT_2,12.72560303,0.124237589
CTCTGGTGTAGCCTCG_2,12.71689271,0.124152552
TAGCCGGTCGCGATCG_5,12.71566553,0.124140571
AGATTGCAGGTGCAAC_2,12.70446599,0.124031232
TCTATTGAGAACAACT_5,12.69357794,0.123924934
TGTATTCTCAGATAAG_2,12.6872932,0.123863578
ATAACGCAGAGGTTGC_4,12.6862477,0.123853371
CTAGCCTTCTTGGGTA_2,12.68605569,0.123851496
ATCGAGTTCGCGCCAA_5,12.68203367,0.12381223
GCTTCCACAATGAATG_5,12.67165948,0.123710949
AGAATAGTCAGTGCAT_5,12.65354584,0.123534109
GAGGTGATCATCACCC_5,12.64904781,0.123490195
GCGAGAACAGGCAGTA_5,12.62982803,0.123302556
ATGCGATTCTGTGCAA_5,12.60708244,0.123080496
GCGCCAATCGCGTTTC_1,12.56241036,0.122644371
AACGTTGTCCAAACTG_5,12.53978525,0.122423486
TTGAACGCAAAGGCGT_2,12.52552337,0.12228425
GCGCAACGTACCGCTG_5,12.48673858,0.121905602
ACGATACAGATCTGCT_2,12.43371518,0.121387945
AGCCTAAAGTGGTAGC_5,12.40907558,0.121147393
CACAGGCCATGGGACA_2,12.37622094,0.12082664
CTCTAATTCCCACTTG_5,12.34245232,0.120496963
TCTGGAAGTCAACATC_5,12.33538504,0.120427967
AGGTCCGTCAACGAAA_2,12.31590867,0.120237823
TCGCGTTTCAACTCTT_4,12.28093754,0.119896406
ACTTTCACACCAGCAC_4,12.2519559,0.119613464
CCCAATCCACTGTTAG_2,12.21522823,0.119254899
AACACGTCATGACATC_4,12.20338908,0.119139316
TGCCAAAGTCGAACAG_2,12.19251398,0.119033144
CCTTTCTTCTGCTGTC_5,12.19127682,0.119021066
TCACAAGTCAACTCTT_4,12.1875052,0.118984245
TTGACTTAGCTTCGCG_5,12.17593046,0.118871243
TGGCTGGTCTCGCTTG_1,12.12714076,0.118394918
ACGCCGAAGTTACCCA_2,12.12652571,0.118388914
GAACGGAGTACCGGCT_5,12.11851386,0.118310696
CGTAGGCTCCGCGCAA_5,12.11660191,0.118292029
CCGGTAGCATCCGCGA_2,12.07060119,0.117842933
CAGCGACAGTCATGCT_4,12.05997126,0.117739155
CTTACCGAGTGGGCTA_4,12.04502909,0.117593278
ACCGTAATCCATGAAC_5,12.04425209,0.117585692
AGATTGCTCACTCTTA_5,12.03645052,0.117509527
GGGCATCGTACAGACG_2,12.03048236,0.117451261
GTCACAACAAGCTGTT_5,12.02106124,0.117359285
CCCAGTTTCAGCTCTC_4,12.01393253,0.117289688
GCCAAATTCGGGAGTA_2,11.96244233,0.116786999
CCTCAGTTCGCCTGAG_5,11.95599536,0.116724059
TCAGGATAGGCCGAAT_2,11.95355122,0.116700197
CTCGAAAGTACTCAAC_5,11.94482258,0.116614981
CGTCACTGTTATGTGC_5,11.925053,0.116421975
CTCACACTCTCCTATA_5,11.79694944,0.115171325
AAACCTGAGCCCAATT_5,11.78982501,0.11510177
AGCAGCCGTGCAACTT_5,11.7875046,0.115079116
GGGTCTGAGGTGCAAC_2,11.75207212,0.114733196
ACGCCGATCCTGCTTG_5,11.74903075,0.114703504
GAGGTGATCAATACCG_3,11.74886945,0.114701929
CGAGCACAGCTGTTCA_4,11.7304976,0.114522568
GTTTCTAAGTGGTAGC_5,11.71790584,0.114399637
CAAGGCCAGAAGCCCA_5,11.68698942,0.114097806
CGTCAGGGTGTCCTCT_4,11.66291363,0.113862759
TGATTTCTCACTTACT_5,11.58822053,0.113133545
CACAGTATCTTGCCGT_2,11.52481765,0.112514555
ACGATACAGTGCAAGC_1,11.52386036,0.112505209
GTCATTTTCCACGAAT_2,11.51063184,0.112376061
AAAGATGGTTGTCTTT_2,11.5075079,0.112345563
GTGCGGTGTCATTAGC_5,11.50285645,0.112300152
ACTGAACGTCTGGTCG_2,11.49023284,0.11217691
CTCGTCACAGCCTGTG_5,11.47272676,0.112006002
GGTGAAGGTTATGCGT_5,11.47076852,0.111986884
CGCCAAGGTTTGGCGC_5,11.44760104,0.111760704
GCATGATCAAAGTCAA_5,11.44182562,0.11170432
TTTACTGCAATGCCAT_1,11.42152318,0.111506111
CCTTTCTGTGTTGAGG_2,11.40695247,0.11136386
CAGCAGCGTTCAGCGC_4,11.38987878,0.111197173
ATGCGATAGCTACCTA_5,11.38461094,0.111145744
CCTAGCTCAGGCGATA_4,11.38409373,0.111140694
GTCTTCGTCTGACCTC_5,11.37401147,0.111042263
GGAAAGCGTTCCCTTG_4,11.35741494,0.110880235
GCAATCATCAATCACG_5,11.34594698,0.110768275
GAGTCCGTCTACCAGA_5,11.33858815,0.110696432
GCGACCATCAGGCCCA_2,11.30610465,0.110379302
CCTTCGAAGGACTGGT_5,11.29899668,0.110309909
TGACGGCAGATCCCAT_2,11.28828558,0.110205338
CACACTCGTGACTACT_5,11.27219083,0.110048208
GCTCCTACAGTCGATT_2,11.26412791,0.109969492
CGCTGGATCCAACCAA_5,11.26056441,0.109934702
CGTCACTGTCTCACCT_5,11.26006276,0.109929804
TCAGATGTCACGATGT_5,11.24252885,0.109758624
GTGCAGCGTACGAAAT_1,11.22830576,0.109619767
GTCTCGTCATGCAACT_2,11.22584637,0.109595756
ACACCGGTCGGATGTT_5,11.16877244,0.109038555
CCTCAGTAGGCTCTTA_2,11.16750421,0.109026173
CAAGATCAGTTGCAGG_5,11.15946398,0.108947678
GTTACAGAGCGATCCC_2,11.1543608,0.108897857
CATATGGGTCCGAACC_2,11.11800925,0.108542963
ACGGGCTGTTAAAGTG_2,11.11587991,0.108522175
GTGCAGCAGCGTAATA_4,11.10993982,0.108464183
TCTTCGGGTACCGTAT_5,11.06174321,0.107993649
TGCACCTAGCGAGAAA_2,11.0610227,0.107986615
ATTACTCAGAGTGAGA_4,11.03240169,0.107707194
CAGCTGGAGTAGCCGA_5,11.03096878,0.107693204
GCTGGGTGTGCTGTAT_5,11.02275877,0.107613052
AACTGGTAGTCAATAG_2,11.01791072,0.107565721
CCAATCCTCAAAGTAG_5,10.99776845,0.107369076
CCTTCGAGTATCAGTC_5,10.98670849,0.1072611
CACTCCAAGCGATTCT_5,10.96182787,0.107018195
CTCGTCAGTTGTGGAG_2,10.95082258,0.106910752
CTAGTGAAGTAGGTGC_5,10.94423598,0.106846449
AAAGATGTCGCCATAA_2,10.93576615,0.106763759
CACACAAAGAAGATTC_5,10.90611394,0.106474271
GGAATAAAGATCACGG_5,10.90262173,0.106440177
TTCTACACAGATTGCT_5,10.89295592,0.106345812
ACACCCTAGGATCGCA_3,10.85645775,0.105989487
CCCAATCAGGCAAAGA_2,10.84194333,0.105847785
GGCGTGTGTAAATGTG_5,10.78316783,0.105273972
GAGCAGATCTAGCACA_5,10.7712489,0.10515761
GCGCAACGTTGGTAAA_2,10.74015841,0.104854079
CCGTTCATCATCATTC_1,10.72203005,0.104677095
CGCTGGAGTCGAACAG_4,10.71650821,0.104623187
GAACCTATCTCGAGTA_4,10.69480008,0.104411255
AACGTTGAGGATGCGT_5,10.68856785,0.104350411
AGGGAGTGTACCATCA_5,10.67765773,0.104243897
GGTATTGAGCAGCGTA_2,10.66681934,0.104138084
GACTGCGAGAGATGAG_4,10.65103186,0.103983954
GTGTGCGTCTCTGAGA_2,10.64911856,0.103965275
GCATACAAGACTTGAA_2,10.62696295,0.103748974
GTACTCCAGAGGTACC_5,10.61022552,0.10358557
CTACACCAGCGTGAGT_5,10.57268109,0.103219031
GCAATCAAGCTGAAAT_2,10.53195085,0.102821389
GCTGCGACATTAACCG_3,10.53021464,0.102804439
GGACATTTCTATCCTA_5,10.52314368,0.102735407
GAACATCTCGAGAACG_2,10.51974062,0.102702183
CCTTTCTCATCTCCCA_3,10.5073076,0.102580802
AAATGCCCATTCTTAC_2,10.47774341,0.102292172
AACCGCGTCCATTCTA_4,10.46881063,0.102204963
CTCGTACCAATACGCT_5,10.46713319,0.102188587
ATCCGAAGTGGTCCGT_2,10.42523811,0.101779573
ACTGTCCCAAGACGTG_1,10.40532619,0.101585177
GCACATATCTCGTATT_2,10.38458807,0.101382715
TCGGGACCACCTCGTT_5,10.36786133,0.101219415
TTGTAGGCATCTACGA_4,10.36031766,0.101145768
CAAGGCCTCGAACGGA_3,10.26792273,0.100243734
CGTCTACAGGGAAACA_5,10.25195219,0.100087817
GCGCAGTCAGGGAGAG_5,10.25105052,0.100079014
AGAATAGTCCTCCTAG_5,10.24949083,0.100063787
CTAGCCTGTACACCGC_2,10.22804352,0.099854401
TCGCGAGTCGAATGCT_5,10.22350957,0.099810137
AGCGTATTCGAGAGCA_2,10.17620637,0.099348325
AACTCAGGTAATCACC_5,10.17145954,0.099301983
GCATGCGTCTCTAAGG_5,10.13769077,0.098972305
CCCAGTTTCCGCAAGC_4,10.13642833,0.09895998
CGAGCACCAAGCTGGA_2,10.1322714,0.098919396
CCTTCGACAACTGCGC_2,10.07277483,0.098338543
CGGGTCATCATATCGG_4,10.06871967,0.098298953
GGCGTGTTCTTCGAGA_2,10.06271149,0.098240297
CATATGGTCTATGTGG_2,10.04876484,0.098104138
CGTAGCGAGCCCAATT_2,10.04720973,0.098088956
CAGGTGCCAAGCGATG_5,10.03355931,0.097955689
CTACCCATCAAACCAC_4,10.02301831,0.09785278
AAGCCGCCATACCATG_4,10.0222249,0.097845034
GTAACGTTCTTGTATC_5,10.00037649,0.097631732
GCGAGAAAGCTACCTA_2,10.00010559,0.097629087
GCGCCAACACTTCGAA_1,9.998883547,0.097617157
GACCAATAGGACAGCT_2,9.915925956,0.096807258
GATTCAGTCAGCGACC_4,9.89464713,0.096599517
ACTTTCAAGAATAGGG_2,9.889735812,0.096551569
ACGAGCCGTCGTTGTA_5,9.88751268,0.096529865
AGTCTTTAGCCTTGAT_4,9.885248097,0.096507756
GGACAGAAGTTCCACA_5,9.842984184,0.096095142
GCGCGATGTCAAGCGA_1,9.842712205,0.096092486
CATCGGGCAGCCAATT_5,9.841255561,0.096078265
ACCCACTTCGATAGAA_2,9.835325932,0.096020376
CCAGCGAGTATCTGCA_5,9.827922774,0.0959481
ACTGAACCACCTATCC_4,9.814383651,0.09581592
GAACGGAGTTTACTCT_2,9.800120622,0.095676673
CGAGCACGTCAAACTC_5,9.762545277,0.095309832
TAAGTGCTCTACTATC_2,9.735039072,0.095041294
GGGAATGTCCGGCACA_5,9.691642247,0.09461762
CTCATTATCGATAGAA_5,9.659393996,0.094302786
CATTCGCTCGGTTAAC_2,9.631949624,0.094034852
TTGGCAAGTTAAGATG_2,9.591602148,0.093640948
CTGATCCAGGCTAGAC_2,9.590224436,0.093627497
ACATCAGCATTCACTT_5,9.554565755,0.093279368
CGAACATCATCGATTG_5,9.528074248,0.093020737
CCTATTACAAGGTTCT_5,9.507856624,0.092823356
GCTGCAGTCTCTAGGA_5,9.467801218,0.092432303
ACGGCCATCCACGTGG_5,9.463522696,0.092390533
TGGACGCTCTTACCGC_4,9.423762701,0.092002364
CTAGCCTCAGACTCGC_5,9.423651296,0.092001276
TGGCTGGAGGAGTACC_5,9.409045347,0.091858681
CTCATTACAGCTATTG_5,9.380133521,0.09157642
GATGAAAGTTCGAATC_5,9.328055654,0.091067994
CTCGGGAAGTAGATGT_4,9.327067969,0.091058352
TACACGATCTTCGGTC_5,9.312710523,0.090918183
GTAACGTGTAGCGTAG_4,9.304824726,0.090841195
GGGCACTAGTGTCCAT_3,9.296678242,0.090761663
CGAACATCATGGTCTA_5,9.295783266,0.090752925
CGAACATTCTTTAGGG_5,9.288411127,0.090680953
GATCGTACACAAGCCC_2,9.231257965,0.090122977
TTAACTCAGTAACCCT_5,9.222384586,0.090036348
TGGCGCAAGACAGACC_2,9.158903888,0.089416599
CGAACATAGGAGTCTG_2,9.140154924,0.089233556
GAAGCAGCATTCTCAT_2,9.093601829,0.088779067
ACGGGTCCACCTATCC_4,9.087248387,0.08871704
TCTTCGGTCCTCGCAT_5,9.08125825,0.088658559
CGTAGCGTCGACAGCC_5,9.078896986,0.088635507
ACTGATGAGGGAGTAA_5,9.053461625,0.088387186
GACCTGGCATCTACGA_5,9.032803265,0.088185503
TACTCGCCACGGTTTA_4,9.017393214,0.088035057
TTCTCCTGTCTTCAAG_2,9.017210297,0.088033272
AAGGAGCCAATGAAAC_2,9.011300688,0.087975577
AGCTTGAGTACTCAAC_2,9.00998977,0.087962779
CCACGGAGTGAGTATA_4,8.999622221,0.087861563
GCCTCTATCTGCGTAA_5,8.990522751,0.087772726
TCATTACAGACTTGAA_5,8.983144131,0.08770069
GGCTCGATCCAGATCA_5,8.976041792,0.087631351
GTCTTCGCATTGGCGC_5,8.958397561,0.087459094
CCAGCGACAGCTCGAC_4,8.912007285,0.087006195
AACTTTCCAGTCGTGC_5,8.870307164,0.086599085
GTGTTAGGTACTCAAC_2,8.831786447,0.086223015
AAGACCTTCAGTGCAT_5,8.815438892,0.086063417
AGCCTAACAATCAGAA_4,8.802413326,0.08593625
TAGAGCTTCTAACTTC_4,8.798102301,0.085894163
AAGGTTCTCCAATGGT_4,8.754100678,0.085464583
TTCGAAGAGACACTAA_2,8.745537227,0.08538098
CACATAGTCCTATTCA_4,8.726675653,0.085196838
AGGGATGTCGCACTCT_5,8.720508381,0.085136628
TTGCGTCTCACTTCAT_2,8.711953442,0.085053108
ACTTGTTGTAGCAAAT_1,8.688940638,0.084828439
AAAGTAGAGCCATCGC_2,8.687947709,0.084818745
CTACCCACAGGTTTCA_5,8.68493195,0.084789303
TAGTGGTGTAGGGTAC_4,8.652141185,0.084469173
ACGGCCAGTCATGCCG_4,8.64460831,0.084395631
GCATGCGCAACACGCC_4,8.641439,0.084364689
TCTTTCCTCACTGGGC_5,8.617502231,0.084130999
AACTCAGAGAGTCGGT_4,8.61386944,0.084095533
CGGGTCAAGCGGATCA_5,8.611507645,0.084072475
ATCATCTAGGTGCAAC_5,8.596479849,0.083925762
ACGCCGACACAGGTTT_5,8.594973461,0.083911055
CGAGCCAAGGAGTAGA_4,8.576799843,0.08373363
TCAGCAACAGTGAGTG_2,8.573832224,0.083704658
CCTCAGTGTCTGCGGT_2,8.567680468,0.083644599
ATCTACTAGAGACGAA_5,8.562018527,0.083589323
CGGACACAGTCCGGTC_5,8.52688473,0.083246318
GATCGTAAGTGATCGG_5,8.524656128,0.083224561
CTCGGAGAGGACTGGT_2,8.503366098,0.083016711
GTTTCTACAACACGCC_2,8.499255437,0.082976579
CAGAGAGAGGATATAC_4,8.470765308,0.082698435
CTCGTACAGAGTAATC_4,8.465667392,0.082648665
TACGGATTCTCTAAGG_2,8.464797263,0.08264017
TTGGCAAAGGGCATGT_2,8.444739441,0.08244435
CGCCAAGGTACAGCAG_4,8.431768951,0.082317721
ACACTGACAGACTCGC_4,8.430900353,0.082309242
GATGAAACACGAAATA_4,8.430489702,0.082305232
CGTAGGCTCGTCTGAA_4,8.420662421,0.082209291
GTAGGCCGTAAGGATT_1,8.410279667,0.082107926
GCACATATCTAACGGT_5,8.389271965,0.081902832
ACAGCCGTCACCACCT_5,8.381272117,0.081824731
GAATAAGTCCCATTTA_5,8.360578325,0.081622701
CGCGTTTCATCGATTG_2,8.355716457,0.081575236
TCGCGAGCAGACGCAA_4,8.343677314,0.0814577
CAACCTCGTTACGGAG_5,8.318263802,0.081209593
CGAACATGTAAATACG_2,8.307980106,0.081109195
TTGCCGTAGGTCATCT_3,8.296968355,0.081001689
CGTCACTTCACTTACT_2,8.295678761,0.080989099
CATGCCTGTAAACACA_5,8.277653919,0.080813126
CGACCTTTCTTATCTG_2,8.275743993,0.08079448
GCATGCGTCACCAGGC_2,8.273770379,0.080775212
ACGTCAACAGTTTACG_5,8.264795315,0.08068759
AAGTCTGGTTCGTCTC_2,8.263549138,0.080675424
TGCCCTAAGGCGCTCT_2,8.260134333,0.080642086
CGTGTCTGTCTAACGT_1,8.239232512,0.080438026
TAGCCGGAGCAGGCTA_2,8.230687724,0.080354605
TGCCCATCACCACGTG_4,8.224019921,0.080289508
CGAGAAGAGCAAATCA_5,8.220777512,0.080257853
CTCGAAACAGTCAGAG_2,8.209745209,0.080150147
CTCTACGTCTGTTGAG_5,8.207563918,0.080128851
CTCTACGGTCCTCTTG_2,8.203946977,0.08009354
GTCTTCGAGTTAACGA_5,8.163276393,0.079696481
TTAGGACTCACGCATA_1,8.148834955,0.079555492
CGCCAAGCAGTCACTA_5,8.14419449,0.079510188
TCAGCTCTCCTGTAGA_4,8.086484355,0.078946775
ATTCTACCAACTGCGC_5,8.083657169,0.078919174
GCAGCCATCATCACCC_5,8.0779694,0.078863645
TAAACCGGTGATAAGT_2,8.053003495,0.078619908
CTCCTAGCATCCCATC_2,8.049242185,0.078583187
TACAGTGTCTAGCACA_5,8.041042466,0.078503135
TGCCAAAAGTGTTAGA_2,8.040368916,0.078496559
ACGCCAGTCGGCGCTA_5,8.028563623,0.078381306
GGCCGATGTCCAAGTT_5,8.023917811,0.07833595
TGCCCATAGAAGGTTT_5,8.022526989,0.078322372
TAGAGCTTCTTCAACT_2,8.01716686,0.078270042
AGGCCACGTGCCTGGT_5,8.010255323,0.078202566
GAAGCAGGTAGATTAG_4,8.005899315,0.078160039
TAGAGCTTCATGCAAC_4,8.002328829,0.078125181
ATCATCTGTACGCACC_5,7.994887415,0.078052532
CGACCTTGTGCGAAAC_5,7.929628134,0.077415418
TGGCGCATCCCAACGG_2,7.882443591,0.076954765
TCTGGAAAGAATTCCC_2,7.877239772,0.076903961
TAAGTGCGTGAGTGAC_5,7.86923046,0.076825768
CATGGCGTCCAATGGT_5,7.856198284,0.076698537
TCACAAGTCTTAGCCC_5,7.829361686,0.076436536
AGTTGGTCAGTTCATG_5,7.820946678,0.076354382
GAACATCTCTACTTAC_2,7.796330331,0.076114058
ATAAGAGTCATAAAGG_5,7.721494269,0.075383448
TGATTTCCAATCAGAA_5,7.714323618,0.075313442
TAGTGGTTCCCAGGTG_2,7.707769124,0.075249452
CAACCTCCAAAGGCGT_1,7.704962625,0.075222053
TGCACCTTCGGATGTT_5,7.704612591,0.075218635
CACACCTGTTTAGGAA_2,7.678969832,0.07496829
GCGACCATCTATCCTA_2,7.673464815,0.074914546
AGCATACTCTGGAGCC_5,7.649353024,0.074679147
CTCGTCAGTTGATTCG_1,7.625096423,0.074442334
AACACGTAGATGTAAC_2,7.543055386,0.073641384
GTCGGGTCATAACCTG_5,7.529494869,0.073508995
ATCATGGGTGACTACT_2,7.504959189,0.073269458
CGGACACAGGTCATCT_5,7.500596077,0.073226862
CCCTCCTTCCTTGACC_5,7.413165244,0.072373291
CAGCATAGTCATATGC_5,7.411402554,0.072356083
GTTCTCGAGACCACGA_5,7.395818768,0.072203941
AGTGTCACATGCCTAA_4,7.394102945,0.07218719
GTACTTTTCCAAAGTC_2,7.388602771,0.072133493
AGGCCACGTCAGGACA_2,7.383568152,0.072084341
GGCGTGTGTACGAAAT_4,7.376247421,0.07201287
CTTTGCGCATGGTTGT_4,7.360432934,0.071858476
CGAGCCAGTTCCCTTG_2,7.359173929,0.071846185
TGATTTCAGGATGGAA_4,7.338435397,0.071643718
CTAGCCTCAAGAAGAG_2,7.318578924,0.071449864
GACCTGGTCGGCTACG_2,7.316040632,0.071425083
AGATTGCGTACAGCAG_4,7.301006235,0.071278305
CCCTCCTAGGAGTTTA_2,7.284111761,0.071113367
AGATTGCGTACTCAAC_1,7.240710003,0.070689644
ATAGACCGTATTACCG_5,7.227007573,0.07055587
CTCACACCAAACCCAT_4,7.226729714,0.070553158
CCACGGAAGGGCTCTC_5,7.205003645,0.07034105
TAGGCATGTTAGATGA_5,7.188865649,0.070183498
CATCGGGAGTCCTCCT_4,7.149832895,0.069802429
CCGGTAGTCCCTTGCA_1,7.138064407,0.069687535
TGGTTCCGTGCTTCTC_4,7.136102503,0.069668382
AGTGAGGGTTCGGCAC_2,7.099300789,0.069309094
ACCCACTAGAGTCTGG_5,7.077859018,0.069099762
ATTATCCAGACGCTTT_2,7.068829459,0.069011608
TCAGATGAGCGATGAC_4,7.046148946,0.068790183
ACATCAGCAGTCTTCC_2,7.032139009,0.068653406
ACGAGCCGTCAGAATA_2,7.024790811,0.068581667
AAATGCCGTCCGAGTC_2,6.990497289,0.068246866
AGAGCTTTCACCGGGT_4,6.92997759,0.067656024
ACACCCTTCTTGCCGT_2,6.919649374,0.067555192
TCCACACTCCACGCAG_5,6.908461902,0.067445971
CAGTAACTCCCACTTG_5,6.907976965,0.067441236
AGCTTGATCTCGATGA_4,6.883988585,0.067207043
GGGTTGCTCCACTCCA_4,6.876553542,0.067134456
TCGAGGCTCTCTTATG_2,6.873695775,0.067106556
CCCTCCTAGTTGAGAT_5,6.852740138,0.06690197
CCTACACGTGCTTCTC_4,6.850458627,0.066879696
CTCAGAATCCTACAGA_5,6.847241579,0.066848289
AACTTTCTCTGACCTC_2,6.826127107,0.066642152
ACAGCTACACGACGAA_5,6.807014194,0.066455557
CGGACGTCAACAACCT_5,6.800347427,0.06639047
TTCTCCTGTGTGACGA_4,6.763905897,0.066034699
GTGCATAGTCCGTGAC_2,6.757845964,0.065975537
ACATGGTGTCCAGTTA_2,6.756939655,0.065966689
AGAGCTTCAAGAAGAG_5,6.755038975,0.065948133
TTCCCAGAGGCCCGTT_5,6.754470448,0.065942582
TCTCATAAGCGCTCCA_2,6.713320391,0.065540842
GCTCCTATCTTCCTTC_2,6.713026909,0.065537977
CGTCAGGCACCACCAG_5,6.693450198,0.065346853
GAGCAGAAGACTACAA_5,6.668936191,0.065107528
CATTATCTCGGCTACG_5,6.626022991,0.064688575
TTAGGACTCTCGCATC_2,6.58722038,0.064309752
TGCCAAAGTTCGTCTC_5,6.54280752,0.063876158
ATTGGACAGGAATCGC_5,6.534020903,0.063790376
GCGGGTTGTGACGCCT_5,6.488135981,0.063342411
CATCAAGAGGTGTTAA_5,6.430078481,0.062775606
TTCTCAACATGAGCGA_4,6.425581574,0.062731704
TTCGAAGCACTGTGTA_4,6.402339668,0.062504798
CTTAGGACATGTCTCC_3,6.394099397,0.06242435
CTTCTCTTCCCGGATG_5,6.365763984,0.062147717
ACGCCAGAGCTAAGAT_4,6.361252595,0.062103673
ATGAGGGTCCATTCTA_5,6.35963747,0.062087905
TGATTTCAGTATCTCG_2,6.358145933,0.062073343
TCACGAATCAACCATG_4,6.357238554,0.062064484
ACGGGTCCAAGAAAGG_2,6.34651282,0.061959771
TCTCTAACAGACGCCT_1,6.285392873,0.061363069
ATCTACTGTCCTCTTG_5,6.285105082,0.061360259
GGACGTCCACATGTGT_5,6.238839104,0.060908574
CTGCTGTTCCCATTTA_4,6.227945829,0.060802225
CCGGTAGGTACGAAAT_2,6.220104125,0.060725668
CGATGTACAACACCTA_5,6.213046566,0.060656766
TCAGCAACAAGGACAC_2,6.212257404,0.060649062
CTTAGGATCATTGCGA_4,6.111665929,0.059667007
AGCTCTCAGGCTATCT_5,6.109212924,0.059643058
TACTTACCACTGTTAG_2,6.103793864,0.059590153
GTCGTAAGTTAGAACA_5,6.084912388,0.059405817
AGATTGCTCTGCGACG_5,6.069074112,0.059251191
ATTGGACAGGACGAAA_5,6.00454588,0.058621214
TACTTACAGGTCGGAT_5,5.980252661,0.058384044
AACTCTTAGACAGAGA_2,5.974264785,0.058325586
TCACGAAAGCGTCTAT_2,5.970789387,0.058291656
GGAGCAACATGCAACT_2,5.938855734,0.057979894
CCCAATCCATATACCG_5,5.929578102,0.057889319
CAGCATAGTTCCCTTG_1,5.916037605,0.057757125
ACACCAAAGGTTCCTA_2,5.888593435,0.057489193
GGACGTCTCGTGACAT_4,5.871526686,0.057322574
ACGATGTGTATAGTAG_5,5.846703412,0.057080229
ACGCCAGGTGCACGAA_5,5.83916313,0.057006615
AGATCTGGTTCAGTAC_4,5.831974803,0.056936437
ACTTGTTTCTTTAGTC_2,5.812379141,0.056745128
CGACCTTAGGAATTAC_5,5.807894405,0.056701344
AGAGTGGTCGTCTGCT_2,5.807874625,0.056701151
TTATGCTCATGGAATA_5,5.785831594,0.056485949
CTACATTTCGTTACGA_4,5.784535829,0.056473299
TTCTCCTGTCCGAACC_5,5.77445819,0.056374913
TTTACTGGTCCTGCTT_2,5.773538735,0.056365937
GCGGGTTGTTGCTCCT_5,5.760880467,0.056242356
TGGGCGTCAGGCAGTA_2,5.75663904,0.056200948
GCCAAATCACCGTTGG_5,5.742497099,0.056062883
CAGCATACATGTCCTC_4,5.704400156,0.05569095
TCACGAACACGTTGGC_4,5.692129808,0.055571157
CTGGTCTAGGAGTAGA_5,5.684702593,0.055498647
CGTGAGCGTCAGTGGA_2,5.651034434,0.055169951
TGAAAGAAGCTTCGCG_4,5.632166035,0.054985742
TTCCCAGAGAGCTGGT_5,5.620250686,0.054869415
TCGCGAGGTCCGCTGA_5,5.616899478,0.054836698
AAATGCCAGTTGTCGT_4,5.597082237,0.054643226
CCCAGTTGTTGTCGCG_5,5.590776705,0.054581666
TTTGTCATCTCTGAGA_3,5.568041351,0.054359706
TACGGGCTCTCAAGTG_4,5.552152445,0.054204585
AAGCCGCAGAGCTGGT_5,5.54450394,0.054129914
GGAGCAAGTGTTCTTT_2,5.534532453,0.054032565
GTTACAGAGAACAACT_5,5.511924098,0.053811844
AAATGCCGTCACACGC_5,5.508541758,0.053778823
CAGCTAACAAGTACCT_4,5.487657603,0.053574935
GAAACTCTCAGTCAGT_2,5.486001714,0.053558768
GATCGTACACGGACAA_5,5.483624085,0.053535556
CCCAGTTCAGGTCCAC_5,5.437137693,0.053081719
TGCACCTTCATAAAGG_4,5.423049175,0.052944175
TTTGGTTTCTTTAGTC_5,5.412398884,0.052840198
CTCGTACGTGGTCCGT_5,5.411966231,0.052835974
TTCGAAGCATCGATTG_5,5.403605704,0.052754352
AAAGTAGCATCTCGCT_5,5.399808277,0.052717279
CGATCGGCACTCGACG_3,5.382485731,0.052548162
GTGAAGGGTGTAAGTA_4,5.369315155,0.05241958
CAGGTGCTCCGTTGCT_5,5.339929839,0.052132697
TACACGATCTAGCACA_5,5.337712769,0.052111052
TGAAAGAGTCAGTGGA_4,5.311449822,0.051854652
GTCTTCGCAGCCTGTG_5,5.253920929,0.051293009
CCTTTCTAGGCGATAC_5,5.249375037,0.051248628
TTAGTTCTCAACCATG_5,5.222857424,0.050989742
GTCGTAAGTATTACCG_5,5.221649404,0.050977948
ACAGCCGCAACGCACC_5,5.18295354,0.050600168
GCAATCACATTCTCAT_5,5.180486356,0.050576081
CTAGCCTCATACTACG_2,5.178387603,0.050555592
TTTGGTTGTCCCGACA_5,5.177587996,0.050547785
ACTGAACCATGGTTGT_5,5.133350462,0.050115903
GCATACATCGCCATAA_4,5.128586885,0.050069397
ACCTTTACAAATCCGT_4,5.108827153,0.049876487
ACGATACTCCTTGCCA_4,5.053360249,0.049334974
CAACCAAAGGACAGCT_5,4.99774343,0.048791998
CACATTTCACTTACGA_2,4.981030522,0.048628833
GACGTTAAGGTCATCT_5,4.943659127,0.048263983
TGGCGCACAAGGCTCC_5,4.941082361,0.048238827
CAACCAAGTATGCTTG_4,4.908017188,0.047916018
GCAGTTATCATCATTC_5,4.902754077,0.047864635
ACGGGTCGTCGCATAT_5,4.901519597,0.047852583
CACAAACTCTACTCAT_5,4.863890867,0.047485221
TCATTTGCATGCCTAA_4,4.85783233,0.047426073
GGCTCGAGTCCGAATT_4,4.850127471,0.047350852
TGCCAAAAGTTACGGG_5,4.845096616,0.047301737
TGCGGGTAGAATCTCC_2,4.831110255,0.04716519
AGAGCTTGTTCAGTAC_4,4.778277182,0.046649391
CAAGGCCCAAGACACG_2,4.753694326,0.046409394
TAAGTGCAGGACATTA_2,4.737448718,0.046250791
CTGATCCCACGGTAGA_5,4.707894341,0.045962257
CTAGCCTTCTTAGAGC_5,4.701192786,0.045896831
CGTGAGCCACCTGGTG_5,4.696249941,0.045848575
TGAGCATAGATCCCGC_5,4.695034989,0.045836714
TCGGTAACAATGGTCT_5,4.670506413,0.045597246
TGAGGGAAGGTTACCT_5,4.647484209,0.045372485
TGGTTCCGTCATATCG_2,4.646759808,0.045365413
ACTGTCCCAAGCGCTC_4,4.609241682,0.044999131
CACACCTTCAGTCAGT_2,4.598587329,0.044895114
CTCACACCAGCCAGAA_5,4.589920759,0.044810504
GTGAAGGTCATTCACT_2,4.586081646,0.044773024
GTTCTCGGTCGCGGTT_5,4.540661369,0.044329594
ATAACGCCACAAGCCC_4,4.529325974,0.044218929
CTTAACTAGGATGCGT_4,4.524832388,0.044175059
ATTACTCAGTCACGCC_5,4.514505068,0.044074236
CGTGTCTCAAGACGTG_4,4.488848336,0.043823754
CGTAGGCCACGCGAAA_4,4.461634581,0.043558071
CAAGATCAGGATCGCA_4,4.455255864,0.043495797
CCTTCCCTCATTATCC_2,4.421040441,0.043161759
TGGCCAGCACAGCCCA_5,4.395649176,0.042913869
ACAGCCGTCTCCAACC_4,4.393254982,0.042890495
TTAGGACAGGTCATCT_4,4.261251235,0.041601768
GTGCTTCGTCAGATAA_4,4.254325543,0.041534153
CGATGTAAGCTCTCGG_2,4.239041939,0.041384943
AGTCTTTTCTTTCCTC_5,4.22146606,0.041213353
GCAGTTAAGCCAGTAG_5,4.19304555,0.040935889
CTGATCCGTAGATTAG_5,4.169560509,0.040706609
CCGGTAGAGGGTTCCC_5,4.163345528,0.040645933
GACCAATTCCAAACTG_2,4.114671937,0.040170742
TGAGAGGCACATCTTT_5,4.091575573,0.039945257
CAAGGCCAGTTAACGA_4,4.028017444,0.039324751
GTCACAACACTTGGAT_5,3.991212358,0.038965431
TAAGTGCTCTTGAGGT_2,3.988647427,0.03894039
GTACTCCAGCGTGAGT_5,3.975163542,0.038808749
AGACGTTGTGGAAAGA_5,3.872743714,0.037808844
ACTTTCATCCACGACG_5,3.845893888,0.037546715
TCAATCTAGTCAATAG_5,3.844664843,0.037534716
GACTGCGTCCTCTAGC_4,3.84151072,0.037503923
GCGCCAAAGTATCGAA_4,3.811871028,0.037214556
CGAGCACTCCGAATGT_4,3.808297055,0.037179664
AAAGATGGTATAAACG_4,3.770215925,0.036807885
TTAGGACGTAGGACAC_4,3.765176596,0.036758687
GGGTCTGGTTACCAGT_2,3.698380904,0.036106574
GCAGCCACACATGTGT_5,3.66275169,0.035758733
GTCTCGTTCTAACTGG_4,3.652220952,0.035655923
GCCTCTACATGCCTAA_5,3.634662691,0.035484505
CACACAATCCGCATCT_4,3.601296439,0.035158757
CACTCCATCTAAGCCA_4,3.587545904,0.035024513
GCAATCAGTTATGTGC_5,3.583046094,0.034980583
ACACCAATCGGAAATA_5,3.565584966,0.034810113
GGGTCTGGTTACGCGC_2,3.564134695,0.034795954
CTAGCCTCAGCTCGCA_2,3.55010774,0.034659012
GTGCTTCTCATCTGCC_2,3.536917742,0.03453024
ACTGCTCGTAGCGCAA_2,3.531696134,0.034479263
GGAAAGCTCGCCATAA_4,3.521155568,0.034376357
CACACAATCACGATGT_2,3.520683887,0.034371753
CTCATTAGTCTTGATG_2,3.509038895,0.034258065
GACGTTACATCCGGGT_5,3.498508142,0.034155255
ATAAGAGGTAGAGGAA_4,3.4662682,0.033840503
GGTGCGTTCTCCGGTT_2,3.444449905,0.033627495
CGACCTTGTCCGTGAC_2,3.39618384,0.033156283
TCGAGGCGTACCGCTG_5,3.288391513,0.032103927
ACCCACTTCCATGAAC_5,3.260048769,0.031827223
GGTATTGCATTAACCG_2,3.227035484,0.03150492
AACTCTTTCTTTAGTC_4,3.171399368,0.030961756
GACCTGGCACGAGGTA_2,3.170285586,0.030950882
TGACTAGAGAGTAATC_5,3.169396225,0.030942199
ACGCCAGTCGGCGGTT_4,3.164540124,0.03089479
GGCTGGTGTCAAAGAT_5,3.141738259,0.03067218
GTGAAGGGTCCAGTTA_2,3.125206971,0.030510788
CCATTCGAGGCAGTCA_3,3.108773424,0.030350351
CGAGAAGCATAGACTC_4,3.094774925,0.030213686
TCTGGAACATCACGAT_2,3.068686026,0.029958985
ACGCCGAGTTGGTGGA_2,3.044687107,0.029724688
ATAAGAGAGCTGAAAT_4,3.039373839,0.029672816
TAGGCATTCTTCTGGC_5,3.027674808,0.029558601
TGCACCTAGTGAAGTT_4,2.994991721,0.029239522
GGTGAAGAGTGGGCTA_4,2.982970651,0.029122163
GTCTTCGAGTGGAGAA_5,2.953871265,0.028838071
ACGCCGAAGACTCGGA_2,2.947508496,0.028775953
TGTCCCAAGCTATGCT_5,2.919188121,0.028499466
TTAGGCACATGTCTCC_3,2.879019417,0.028107307
CAGTCCTAGACAAAGG_4,2.851578303,0.027839405
CATCGGGGTAGCCTCG_5,2.804669951,0.027381448
TAAGTGCTCCTCTAGC_4,2.801900151,0.027354407
CAGCATAGTAGGGACT_5,2.758918028,0.02693478
CCCTCCTTCTTCTGGC_4,2.750151121,0.026849191
GGGAGATTCCAATGGT_3,2.723454352,0.026588556
ATCACGACAATGGAGC_3,2.712496223,0.026481573
TCATTACTCGACCAGC_2,2.708834718,0.026445827
ACGATGTAGTCGATAA_4,2.551144908,0.024906332
CTCACACAGTGCCATT_4,2.490625681,0.024315494
ACGGGTCGTTGAGTTC_4,2.439587021,0.023817214
GATCAGTAGTGGTAAT_5,2.415121644,0.023578363
GTTACAGTCTCGATGA_5,2.393087318,0.023363246
TTGACTTCATGACGGA_3,2.385487676,0.023289053
CGCTTCAGTAGGGTAC_4,2.359737518,0.023037659
GCTTCCACACAAGTAA_5,2.352047438,0.022962582
TACGGATTCGCGGATC_2,2.281818322,0.022276949
CTTAACTAGCGATAGC_5,2.261232914,0.022075977
CGTAGGCGTCGCTTCT_2,2.249157991,0.021958092
GCTTGAAGTCACAAGG_2,2.16720879,0.021158038
GCAATCACAGAGCCAA_5,2.1642677,0.021129325
CTCTAATTCTGGCGAC_4,2.161142269,0.021098812
GCGCGATAGTCTCGGC_5,2.155390127,0.021042655
TTAGGCAGTCTAGTGT_5,2.148854931,0.020978853
CACACTCAGTACGTTC_4,2.103049546,0.020531664
ACTTACTGTACCAGTT_5,2.064862534,0.020158852
GACTACACACAAGCCC_5,2.019277775,0.019713816
GGGTTGCTCGTGACAT_2,1.995261067,0.019479346
AACCGCGTCTGCGTAA_4,1.923643162,0.018780154
AGCGTCGAGCTCCCAG_4,1.913503179,0.01868116
AGACGTTCACGTCAGC_4,1.821925473,0.017787104
AAACCTGCATCCTAGA_4,1.749835847,0.017083307
CATTATCAGATCCCGC_5,1.73169884,0.016906239
TTTATGCGTTCCTCCA_5,1.643807496,0.016048173
TTAGGCAAGGGTCTCC_5,1.642501226,0.01603542
CTGCCTAAGGATGGTC_5,1.584269804,0.015466918
AGTCTTTGTGCCTTGG_5,1.580105424,0.015426262
AAGCCGCAGGAATGGA_4,1.580076258,0.015425977
AACTCCCGTAGCAAAT_4,1.563712201,0.015266218
GACTAACCATGAAGTA_5,1.556710285,0.01519786
ACTTACTCACTAAGTC_5,1.552511283,0.015156866
GTCGGGTGTAGCCTCG_4,1.501170101,0.014655632
GCATACACACGGCCAT_5,1.493832809,0.014583999
GTGCTTCCAAGGGTCA_2,1.486806304,0.014515401
AACTGGTTCCCTGACT_5,1.470119845,0.014352494
TTAGGACAGCGTTCCG_4,1.391485568,0.013584803
TTAGGACAGGCTATCT_2,1.376230106,0.013435867
CACAAACTCCCTGACT_4,1.32300845,0.012916274
GAGTCCGAGTCACGCC_5,1.307269191,0.012762615
CCCAATCGTACGAAAT_4,1.283351536,0.012529112
GGCCGATTCTTTAGTC_5,1.255390127,0.01225613
CGAACATTCTGATACG_5,1.24855551,0.012189405
CGTGAGCTCAGCGACC_5,1.204645285,0.011760718
ACTGAACAGGATGGTC_5,1.148531195,0.011212887
ACTGAACCATGGATGG_5,0.978028633,0.009548303
CTACATTCAACAACCT_5,0.914909976,0.008932088
CTCTACGCACGGCCAT_4,0.876361828,0.00855575
TTGCCGTAGTAGCCGA_5,0.817361564,0.007979742
TCGCGTTCACGGTAGA_4,0.717504452,0.007004857
CCTTCGAGTGCACGAA_5,0.700532373,0.006839161
CTACCCAGTACCCAAT_5,0.643782315,0.006285122
CACATAGGTATGGTTC_4,0.447687278,0.004370684
GCATGTAGTCTAGTGT_4,0.447687278,0.004370684
CGTAGCGCAGGTTTCA_5,0.447687278,0.004370684
CGCTGGATCTGCTTGC_4,0.447687278,0.004370684
ACGGAGAGTGAGTATA_5,0.447687278,0.004370684
GCCTCTAAGAAGCCCA_5,0.447687278,0.004370684
