barcode,cnv_scores,cancer
ACTGTCCAGCGATATA_3,83.27238506,0.812972111
CGTTCTGCAGCCAATT_3,79.4796757,0.775944626
CCACCTATCTTATCTG_3,78.80984144,0.769405165
TTATGCTAGTTATCGC_3,78.3794138,0.765202983
CCTTCGACATTTCACT_3,75.816194,0.740178767
ACTGAGTCAAGGTTCT_3,73.71193702,0.719635315
ATGAGGGTCGGTCCGA_3,72.43875914,0.707205526
ACATGGTTCCTTTCTC_3,70.86058757,0.691798144
TGGGAAGCACGGCGTT_3,70.53687092,0.688637761
GCATGTATCCCAAGAT_3,69.86146065,0.682043862
GGCTCGACATCCGGGT_3,69.65715033,0.68004922
CAGCATAGTTATCACG_3,69.47598223,0.678280511
CTACATTAGGCTAGCA_3,67.36303219,0.657652191
CTGCTGTTCCTTGACC_3,67.1112187,0.655193785
ACATGGTTCGGAAACG_3,66.5944963,0.650149124
GATCGTAGTCCATCCT_3,65.33491899,0.637852116
GACGCGTTCCGTCAAA_3,64.46307284,0.629340451
GATTCAGAGAATGTGT_3,64.14290241,0.62621469
ACGAGCCCAGGACGTA_3,63.429829,0.619253092
CAACTAGGTACCCAAT_3,63.18987475,0.616910466
TCATTACTCTCGATGA_3,62.25540748,0.607787443
AACCATGAGGGCACTA_3,61.64049645,0.601784187
CGTGTCTGTATCGCAT_3,61.55121792,0.600912578
TTCTCAAAGAGCCTAG_3,61.19974388,0.597481205
TAGAGCTTCTATCGCC_3,60.92615715,0.594810231
AGAGCGACACACCGCA_3,60.87040861,0.594265969
CGGACTGTCAACACTG_3,59.93293091,0.585113556
TGCGTGGTCGGAAATA_3,59.91181949,0.584907449
CCTAAAGCATTCTCAT_3,59.4331311,0.580234108
CACTCCATCTGTCTAT_3,58.47134778,0.570844404
GCAGTTACACCCATGG_3,58.29192065,0.569092692
AGGGATGTCATACGGT_3,57.29554177,0.559365238
CTGAAGTCAACGATCT_3,57.16764525,0.55811661
GTGCTTCGTCCGAGTC_3,56.57196256,0.552301075
ACAGCCGGTAAGAGAG_3,55.84185103,0.545173138
TAAGAGATCCTATTCA_3,54.7478668,0.534492783
GAAACTCTCGGCGGTT_3,54.68237809,0.533853429
CTGATCCTCAGCGACC_3,54.26446488,0.529773424
ACGATGTCAGACGCCT_3,54.23614654,0.529496957
ACCCACTCAATGGACG_3,53.96427545,0.526842733
CAGAGAGTCTCAAACG_3,53.19238667,0.519306933
GCAGTTATCTTGAGGT_3,52.8964997,0.516418246
CTAGCCTGTTCTCATT_3,52.68904781,0.514392933
ATCGAGTTCTTACCGC_3,52.57829237,0.513311649
TATGCCCGTCCCTACT_3,51.84660449,0.506168323
AGATTGCTCCCTCTTT_3,51.31135596,0.500942796
ATCTACTTCATGTAGC_3,50.10840913,0.489198659
CTCGAAACACAGCCCA_3,49.86271953,0.48680004
TATCTCATCGGAATCT_3,49.8353542,0.486532877
CAACCTCTCTATCCCG_3,49.43634501,0.482637428
ATCACGATCTCGCTTG_3,49.15545732,0.479895176
GCTCCTAGTAGCCTCG_3,49.04548082,0.478821497
TAAGCGTTCGCAAGCC_3,48.98359884,0.478217355
ATTGGTGAGCTAACAA_3,47.96284124,0.468251897
GTCTCGTGTGGTGTAG_3,47.72978269,0.465976592
AGCCTAAAGCGTAATA_3,45.88005364,0.447918047
CGTTAGACAAGTCATC_3,45.33937213,0.442639478
CACTCCACAGCGTAAG_3,45.12896164,0.440585281
TGTCCCACACATGACT_3,43.49465793,0.424629892
ATCCACCAGCCGCCTA_3,43.03957667,0.420187022
TTCGAAGAGTTAAGTG_3,42.66412439,0.416521554
CCTAGCTCACGTCTCT_3,42.46925138,0.414619047
TACCTTACAAGGACTG_3,42.0374578,0.41040353
CACACCTCAGGAATGC_3,41.08449182,0.401099909
TATTACCGTACCTACA_3,40.162538,0.392099053
GACTGCGAGGTGTGGT_3,40.07404864,0.391235148
TGTTCCGCACTGCCAG_3,38.92530464,0.380020184
CGAACATCAGCTATTG_3,34.46580976,0.336483002
CGCTGGAAGCAATCTC_3,34.20453126,0.333932191
CTGTGCTAGGACAGCT_3,30.65779578,0.299306102
CGAATGTTCTGCAAGT_3,29.58090957,0.288792671
CACATTTCAACACCTA_3,29.12515291,0.284343207
AGACGTTTCCGTAGTA_3,28.72959027,0.280481406
CGTGTAAAGAAAGTGG_3,26.64373907,0.260117646
CCGTACTTCGGATGGA_3,24.97779656,0.243853373
ACAGCCGAGCCCGAAA_3,24.8891639,0.24298807
GAACGGAAGCCTCGTG_3,24.74390792,0.241569964
AGTAGTCCACGAGGTA_3,24.28746839,0.237113833
TCTATTGCAGGTCTCG_3,23.51951469,0.229616451
CAGCATACATTCGACA_3,23.34723987,0.227934565
GTGCGGTTCCTACAGA_3,22.08467676,0.215608407
AGCCTAAGTGACTCAT_3,20.83159076,0.203374772
GACCAATTCGACCAGC_3,19.04775033,0.185959484
GGATGTTAGCTGCGAA_3,17.26994189,0.168603086
ACGGAGATCCTTCAAT_3,17.03747594,0.166333566
GGTGCGTCATATGAGA_3,16.81345206,0.164146465
CTCAGAAAGTCAATAG_3,15.84819896,0.154722886
CCGGTAGCATCACGTA_3,15.44101856,0.150747663
CACTCCAGTAGGCATG_3,13.77976549,0.134529172
TAGCCGGCATTGTGCA_3,12.95119847,0.126440033
GAGGTGATCAATACCG_3,11.74886945,0.114701929
ACACCCTAGGATCGCA_3,10.85645775,0.105989487
GCTGCGACATTAACCG_3,10.53021464,0.102804439
CCTTTCTCATCTCCCA_3,10.5073076,0.102580802
CAAGGCCTCGAACGGA_3,10.26792273,0.100243734
GGGCACTAGTGTCCAT_3,9.296678242,0.090761663
TTGCCGTAGGTCATCT_3,8.296968355,0.081001689
CTTAGGACATGTCTCC_3,6.394099397,0.06242435
TTTGTCATCTCTGAGA_3,5.568041351,0.054359706
CGATCGGCACTCGACG_3,5.382485731,0.052548162
CCATTCGAGGCAGTCA_3,3.108773424,0.030350351
TTAGGCACATGTCTCC_3,2.879019417,0.028107307
GGGAGATTCCAATGGT_3,2.723454352,0.026588556
ATCACGACAATGGAGC_3,2.712496223,0.026481573
TTGACTTCATGACGGA_3,2.385487676,0.023289053
